
PLAY [verify] ******************************************************************

TASK [Gathering Facts] *********************************************************
ok: [localhost]

TASK [/stigforge/roles/debian12_cis : StigForge apply debian12_cis profile cis-l1] ***
included: /stigforge/roles/debian12_cis/tasks/cis-l1.yml for localhost

TASK [/stigforge/roles/debian12_cis : Gather the package facts] ****************
ok: [localhost]

TASK [/stigforge/roles/debian12_cis : Ensure aide is installed] ****************
skipping: [localhost]

TASK [/stigforge/roles/debian12_cis : Ensure sudo is installed] ****************
skipping: [localhost]

TASK [/stigforge/roles/debian12_cis : Ensure libpam-modules is installed] ******
ok: [localhost]

TASK [/stigforge/roles/debian12_cis : Ensure libpam-pwquality is installed] ****
changed: [localhost]

TASK [/stigforge/roles/debian12_cis : Ensure libpam-runtime is installed] ******
ok: [localhost]

TASK [/stigforge/roles/debian12_cis : Ensure apparmor-utils is installed] ******
skipping: [localhost]

TASK [/stigforge/roles/debian12_cis : Ensure apparmor is installed] ************
skipping: [localhost]

TASK [/stigforge/roles/debian12_cis : Ensure rsyslog is installed] *************
skipping: [localhost]

TASK [/stigforge/roles/debian12_cis : Ensure systemd-journal-remote is installed] ***
skipping: [localhost]

TASK [/stigforge/roles/debian12_cis : Ensure iptables-persistent is installed] ***
skipping: [localhost]

TASK [/stigforge/roles/debian12_cis : Ensure iptables is installed] ************
skipping: [localhost]

TASK [/stigforge/roles/debian12_cis : Remove iptables-persistent Package: Ensure iptables-persistent is removed] ***
skipping: [localhost]

TASK [/stigforge/roles/debian12_cis : Ensure nftables is installed] ************
skipping: [localhost]

TASK [/stigforge/roles/debian12_cis : Ensure ufw is installed] *****************
skipping: [localhost]

TASK [/stigforge/roles/debian12_cis : Remove ufw Package: Ensure ufw is removed] ***
skipping: [localhost]

TASK [/stigforge/roles/debian12_cis : Deactivate Wireless Network Interfaces - Ensure NetworkManager is installed] ***
skipping: [localhost] => (item=NetworkManager) 
skipping: [localhost]

TASK [/stigforge/roles/debian12_cis : Remove autofs Package: Ensure autofs is removed] ***
ok: [localhost]

TASK [/stigforge/roles/debian12_cis : Uninstall avahi Server Package: Ensure avahi is removed] ***
ok: [localhost]

TASK [/stigforge/roles/debian12_cis : Ensure cron is installed] ****************
skipping: [localhost]

TASK [/stigforge/roles/debian12_cis : Uninstall the nis package: Ensure nis is removed] ***
ok: [localhost]

TASK [/stigforge/roles/debian12_cis : Uninstall DHCP Server Package: Ensure dhcp is removed] ***
ok: [localhost]

TASK [/stigforge/roles/debian12_cis : Uninstall dnsmasq Package: Ensure dnsmasq is removed] ***
ok: [localhost]

TASK [/stigforge/roles/debian12_cis : Uninstall bind Package: Ensure bind is removed] ***
ok: [localhost]

TASK [/stigforge/roles/debian12_cis : Remove ftp Package: Ensure ftp is removed] ***
ok: [localhost]

TASK [/stigforge/roles/debian12_cis : Remove tnftp Package: Ensure tnftp is removed] ***
ok: [localhost]

TASK [/stigforge/roles/debian12_cis : Uninstall vsftpd Package: Ensure vsftpd is removed] ***
ok: [localhost]

TASK [/stigforge/roles/debian12_cis : Uninstall apache2 Package: Ensure apache2 is removed] ***
ok: [localhost]

TASK [/stigforge/roles/debian12_cis : Uninstall nginx Package: Ensure nginx is removed] ***
ok: [localhost]

TASK [/stigforge/roles/debian12_cis : Uninstall dovecot Package: Ensure dovecot is removed] ***
ok: [localhost]

TASK [/stigforge/roles/debian12_cis : Ensure LDAP client is not installed: Ensure openldap-clients is removed] ***
ok: [localhost]

TASK [/stigforge/roles/debian12_cis : Uninstall slapd Package: Ensure openldap-servers is removed] ***
ok: [localhost]

TASK [/stigforge/roles/debian12_cis : Uninstall nfs-kernel-server Package: Ensure nfs-kernel-server is removed] ***
ok: [localhost]

TASK [/stigforge/roles/debian12_cis : Uninstall rpcbind Package: Ensure rpcbind is removed] ***
skipping: [localhost]

TASK [/stigforge/roles/debian12_cis : Ensure chrony is installed] **************
skipping: [localhost]

TASK [/stigforge/roles/debian12_cis : Ensure systemd-timesyncd is installed] ***
skipping: [localhost]

TASK [/stigforge/roles/debian12_cis : Uninstall rsync Package: Ensure rsync is removed] ***
ok: [localhost]

TASK [/stigforge/roles/debian12_cis : Uninstall xinetd package if not used by network services: Ensure xinetd is removed] ***
skipping: [localhost]

TASK [/stigforge/roles/debian12_cis : Uninstall ypserv Package: Ensure ypserv is removed] ***
ok: [localhost]

TASK [/stigforge/roles/debian12_cis : Uninstall rsh Package: Ensure rsh is removed] ***
ok: [localhost]

TASK [/stigforge/roles/debian12_cis : Uninstall talk Package: Ensure talk is removed] ***
ok: [localhost]

TASK [/stigforge/roles/debian12_cis : Remove telnet Clients: Ensure inetutils-telnet is removed] ***
ok: [localhost]

TASK [/stigforge/roles/debian12_cis : Remove telnet Clients: Ensure telnet is removed] ***
ok: [localhost]

TASK [/stigforge/roles/debian12_cis : Uninstall tftpd-hpa Package: Ensure tftpd-hpa is removed] ***
ok: [localhost]

TASK [/stigforge/roles/debian12_cis : Uninstall CUPS Package: Ensure cups is removed] ***
ok: [localhost]

TASK [/stigforge/roles/debian12_cis : Uninstall squid Package: Ensure squid is removed] ***
ok: [localhost]

TASK [/stigforge/roles/debian12_cis : Uninstall Samba Package: Ensure samba is removed] ***
ok: [localhost]

TASK [/stigforge/roles/debian12_cis : Uninstall net-snmp Package: Ensure net-snmp is removed] ***
ok: [localhost]

TASK [/stigforge/roles/debian12_cis : Gather the package facts] ****************
ok: [localhost]

TASK [/stigforge/roles/debian12_cis : Enable rsyslog Service - Enable Service rsyslog] ***
skipping: [localhost]

TASK [/stigforge/roles/debian12_cis : Enable systemd-journal-upload Service - Enable Service systemd-journal-upload] ***
skipping: [localhost]

TASK [/stigforge/roles/debian12_cis : Enable systemd-journald Service - Enable Service systemd-journald] ***
skipping: [localhost]

TASK [/stigforge/roles/debian12_cis : Verify nftables Service is Enabled - Enable Service nftables] ***
skipping: [localhost]

TASK [/stigforge/roles/debian12_cis : Verify nftables Service is Disabled - Collect systemd Services Present in the System] ***
skipping: [localhost]

TASK [/stigforge/roles/debian12_cis : Verify nftables Service is Disabled - Ensure nftables.service is Masked] ***
skipping: [localhost]

TASK [/stigforge/roles/debian12_cis : Unit Socket Exists - nftables.socket] ****
skipping: [localhost]

TASK [/stigforge/roles/debian12_cis : Verify nftables Service is Disabled - Disable Socket nftables] ***
skipping: [localhost]

TASK [/stigforge/roles/debian12_cis : Verify ufw Enabled - Enable Service ufw] ***
skipping: [localhost]

TASK [/stigforge/roles/debian12_cis : Disable Bluetooth Service - Collect systemd Services Present in the System] ***
skipping: [localhost]

TASK [/stigforge/roles/debian12_cis : Disable Bluetooth Service - Ensure bluetooth.service is Masked] ***
skipping: [localhost]

TASK [/stigforge/roles/debian12_cis : Unit Socket Exists - bluetooth.socket] ***
skipping: [localhost]

TASK [/stigforge/roles/debian12_cis : Disable Bluetooth Service - Disable Socket bluetooth] ***
skipping: [localhost]

TASK [/stigforge/roles/debian12_cis : Disable the Automounter - Collect systemd Services Present in the System] ***
skipping: [localhost]

TASK [/stigforge/roles/debian12_cis : Disable the Automounter - Ensure autofs.service is Masked] ***
skipping: [localhost]

TASK [/stigforge/roles/debian12_cis : Unit Socket Exists - autofs.socket] ******
skipping: [localhost]

TASK [/stigforge/roles/debian12_cis : Disable the Automounter - Disable Socket autofs] ***
skipping: [localhost]

TASK [/stigforge/roles/debian12_cis : Disable Avahi Server Software - Collect systemd Services Present in the System] ***
skipping: [localhost]

TASK [/stigforge/roles/debian12_cis : Disable Avahi Server Software - Ensure avahi-daemon.service is Masked] ***
skipping: [localhost]

TASK [/stigforge/roles/debian12_cis : Unit Socket Exists - avahi-daemon.socket] ***
skipping: [localhost]

TASK [/stigforge/roles/debian12_cis : Disable Avahi Server Software - Disable Socket avahi-daemon] ***
skipping: [localhost]

TASK [/stigforge/roles/debian12_cis : Enable cron Service - Enable Service cron] ***
skipping: [localhost]

TASK [/stigforge/roles/debian12_cis : Disable DHCPD6 Service - Collect systemd Services Present in the System] ***
skipping: [localhost]

TASK [/stigforge/roles/debian12_cis : Disable DHCPD6 Service - Ensure dhcpd6.service is Masked] ***
skipping: [localhost]

TASK [/stigforge/roles/debian12_cis : Unit Socket Exists - dhcpd6.socket] ******
skipping: [localhost]

TASK [/stigforge/roles/debian12_cis : Disable DHCPD6 Service - Disable Socket dhcpd6] ***
skipping: [localhost]

TASK [/stigforge/roles/debian12_cis : Disable DHCP Service - Collect systemd Services Present in the System] ***
skipping: [localhost]

TASK [/stigforge/roles/debian12_cis : Disable DHCP Service - Ensure dhcpd.service is Masked] ***
skipping: [localhost]

TASK [/stigforge/roles/debian12_cis : Unit Socket Exists - dhcpd.socket] *******
skipping: [localhost]

TASK [/stigforge/roles/debian12_cis : Disable DHCP Service - Disable Socket dhcpd] ***
skipping: [localhost]

TASK [/stigforge/roles/debian12_cis : Disable dnsmasq Service - Collect systemd Services Present in the System] ***
skipping: [localhost]

TASK [/stigforge/roles/debian12_cis : Disable dnsmasq Service - Ensure dnsmasq.service is Masked] ***
skipping: [localhost]

TASK [/stigforge/roles/debian12_cis : Unit Socket Exists - dnsmasq.socket] *****
skipping: [localhost]

TASK [/stigforge/roles/debian12_cis : Disable dnsmasq Service - Disable Socket dnsmasq] ***
skipping: [localhost]

TASK [/stigforge/roles/debian12_cis : Disable named Service - Collect systemd Services Present in the System] ***
skipping: [localhost]

TASK [/stigforge/roles/debian12_cis : Disable named Service - Ensure named.service is Masked] ***
skipping: [localhost]

TASK [/stigforge/roles/debian12_cis : Unit Socket Exists - named.socket] *******
skipping: [localhost]

TASK [/stigforge/roles/debian12_cis : Disable named Service - Disable Socket named] ***
skipping: [localhost]

TASK [/stigforge/roles/debian12_cis : Disable vsftpd Service - Collect systemd Services Present in the System] ***
skipping: [localhost]

TASK [/stigforge/roles/debian12_cis : Disable vsftpd Service - Ensure vsftpd.service is Masked] ***
skipping: [localhost]

TASK [/stigforge/roles/debian12_cis : Unit Socket Exists - vsftpd.socket] ******
skipping: [localhost]

TASK [/stigforge/roles/debian12_cis : Disable vsftpd Service - Disable Socket vsftpd] ***
skipping: [localhost]

TASK [/stigforge/roles/debian12_cis : Disable apache2 Service - Collect systemd Services Present in the System] ***
skipping: [localhost]

TASK [/stigforge/roles/debian12_cis : Disable apache2 Service - Ensure apache2.service is Masked] ***
skipping: [localhost]

TASK [/stigforge/roles/debian12_cis : Unit Socket Exists - apache2.socket] *****
skipping: [localhost]

TASK [/stigforge/roles/debian12_cis : Disable apache2 Service - Disable Socket apache2] ***
skipping: [localhost]

TASK [/stigforge/roles/debian12_cis : Disable nginx Service - Collect systemd Services Present in the System] ***
skipping: [localhost]

TASK [/stigforge/roles/debian12_cis : Disable nginx Service - Ensure nginx.service is Masked] ***
skipping: [localhost]

TASK [/stigforge/roles/debian12_cis : Unit Socket Exists - nginx.socket] *******
skipping: [localhost]

TASK [/stigforge/roles/debian12_cis : Disable nginx Service - Disable Socket nginx] ***
skipping: [localhost]

TASK [/stigforge/roles/debian12_cis : Disable Dovecot Service - Collect systemd Services Present in the System] ***
skipping: [localhost]

TASK [/stigforge/roles/debian12_cis : Disable Dovecot Service - Ensure dovecot.service is Masked] ***
skipping: [localhost]

TASK [/stigforge/roles/debian12_cis : Unit Socket Exists - dovecot.socket] *****
skipping: [localhost]

TASK [/stigforge/roles/debian12_cis : Disable Dovecot Service - Disable Socket dovecot] ***
skipping: [localhost]

TASK [/stigforge/roles/debian12_cis : Disable LDAP Server (slapd) - Collect systemd Services Present in the System] ***
skipping: [localhost]

TASK [/stigforge/roles/debian12_cis : Disable LDAP Server (slapd) - Ensure slapd.service is Masked] ***
skipping: [localhost]

TASK [/stigforge/roles/debian12_cis : Unit Socket Exists - slapd.socket] *******
skipping: [localhost]

TASK [/stigforge/roles/debian12_cis : Disable LDAP Server (slapd) - Disable Socket slapd] ***
skipping: [localhost]

TASK [/stigforge/roles/debian12_cis : Disable rpcbind Service - Collect systemd Services Present in the System] ***
skipping: [localhost]

TASK [/stigforge/roles/debian12_cis : Disable rpcbind Service - Ensure rpcbind.service is Masked] ***
skipping: [localhost]

TASK [/stigforge/roles/debian12_cis : Unit Socket Exists - rpcbind.socket] *****
skipping: [localhost]

TASK [/stigforge/roles/debian12_cis : Disable rpcbind Service - Disable Socket rpcbind] ***
skipping: [localhost]

TASK [/stigforge/roles/debian12_cis : Disable Network File System (nfs) - Collect systemd Services Present in the System] ***
skipping: [localhost]

TASK [/stigforge/roles/debian12_cis : Disable Network File System (nfs) - Ensure nfs-server.service is Masked] ***
skipping: [localhost]

TASK [/stigforge/roles/debian12_cis : Unit Socket Exists - nfs-server.socket] ***
skipping: [localhost]

TASK [/stigforge/roles/debian12_cis : Disable Network File System (nfs) - Disable Socket nfs-server] ***
skipping: [localhost]

TASK [/stigforge/roles/debian12_cis : The Chronyd service is enabled - Enable Service chrony] ***
skipping: [localhost]

TASK [/stigforge/roles/debian12_cis : Enable systemd_timesyncd Service - Enable Service systemd-timesyncd] ***
skipping: [localhost]

TASK [/stigforge/roles/debian12_cis : Ensure rsyncd service is disabled - Collect systemd Services Present in the System] ***
skipping: [localhost]

TASK [/stigforge/roles/debian12_cis : Ensure rsyncd service is disabled - Ensure rsyncd.service is Masked] ***
skipping: [localhost]

TASK [/stigforge/roles/debian12_cis : Unit Socket Exists - rsyncd.socket] ******
skipping: [localhost]

TASK [/stigforge/roles/debian12_cis : Ensure rsyncd service is disabled - Disable Socket rsyncd] ***
skipping: [localhost]

TASK [/stigforge/roles/debian12_cis : Disable xinetd Service - Collect systemd Services Present in the System] ***
skipping: [localhost]

TASK [/stigforge/roles/debian12_cis : Disable xinetd Service - Ensure xinetd.service is Masked] ***
skipping: [localhost]

TASK [/stigforge/roles/debian12_cis : Unit Socket Exists - xinetd.socket] ******
skipping: [localhost]

TASK [/stigforge/roles/debian12_cis : Disable xinetd Service - Disable Socket xinetd] ***
skipping: [localhost]

TASK [/stigforge/roles/debian12_cis : Disable ypserv Service - Collect systemd Services Present in the System] ***
skipping: [localhost]

TASK [/stigforge/roles/debian12_cis : Disable ypserv Service - Ensure ypserv.service is Masked] ***
skipping: [localhost]

TASK [/stigforge/roles/debian12_cis : Unit Socket Exists - ypserv.socket] ******
skipping: [localhost]

TASK [/stigforge/roles/debian12_cis : Disable ypserv Service - Disable Socket ypserv] ***
skipping: [localhost]

TASK [/stigforge/roles/debian12_cis : Disable tftpd-hpa Service - Collect systemd Services Present in the System] ***
skipping: [localhost]

TASK [/stigforge/roles/debian12_cis : Disable tftpd-hpa Service - Ensure tftpd-hpa.service is Masked] ***
skipping: [localhost]

TASK [/stigforge/roles/debian12_cis : Unit Socket Exists - tftpd-hpa.socket] ***
skipping: [localhost]

TASK [/stigforge/roles/debian12_cis : Disable tftpd-hpa Service - Disable Socket tftpd-hpa] ***
skipping: [localhost]

TASK [/stigforge/roles/debian12_cis : Disable the CUPS Service - Collect systemd Services Present in the System] ***
skipping: [localhost]

TASK [/stigforge/roles/debian12_cis : Disable the CUPS Service - Ensure cups.service is Masked] ***
skipping: [localhost]

TASK [/stigforge/roles/debian12_cis : Unit Socket Exists - cups.socket] ********
skipping: [localhost]

TASK [/stigforge/roles/debian12_cis : Disable the CUPS Service - Disable Socket cups] ***
skipping: [localhost]

TASK [/stigforge/roles/debian12_cis : Disable Squid - Collect systemd Services Present in the System] ***
skipping: [localhost]

TASK [/stigforge/roles/debian12_cis : Disable Squid - Ensure squid.service is Masked] ***
skipping: [localhost]

TASK [/stigforge/roles/debian12_cis : Unit Socket Exists - squid.socket] *******
skipping: [localhost]

TASK [/stigforge/roles/debian12_cis : Disable Squid - Disable Socket squid] ****
skipping: [localhost]

TASK [/stigforge/roles/debian12_cis : Disable Samba - Collect systemd Services Present in the System] ***
skipping: [localhost]

TASK [/stigforge/roles/debian12_cis : Disable Samba - Ensure smb.service is Masked] ***
skipping: [localhost]

TASK [/stigforge/roles/debian12_cis : Unit Socket Exists - smb.socket] *********
skipping: [localhost]

TASK [/stigforge/roles/debian12_cis : Disable Samba - Disable Socket smb] ******
skipping: [localhost]

TASK [/stigforge/roles/debian12_cis : Disable snmpd Service - Collect systemd Services Present in the System] ***
skipping: [localhost]

TASK [/stigforge/roles/debian12_cis : Disable snmpd Service - Ensure snmpd.service is Masked] ***
skipping: [localhost]

TASK [/stigforge/roles/debian12_cis : Unit Socket Exists - snmpd.socket] *******
skipping: [localhost]

TASK [/stigforge/roles/debian12_cis : Disable snmpd Service - Disable Socket snmpd] ***
skipping: [localhost]

TASK [/stigforge/roles/debian12_cis : Gather the service facts] ****************
ok: [localhost]

TASK [/stigforge/roles/debian12_cis : Build and Test AIDE Database - Ensure AIDE Is Installed] ***
skipping: [localhost]

TASK [/stigforge/roles/debian12_cis : Build and Test AIDE Database - Check if DB Path in /etc/aide/aide.conf Is Already Set] ***
skipping: [localhost]

TASK [/stigforge/roles/debian12_cis : Build and Test AIDE Database - Check if DB Out Path in /etc/aide/aide.conf Is Already Set] ***
skipping: [localhost]

TASK [/stigforge/roles/debian12_cis : Build and Test AIDE Database - Fix DB Path in Config File if Necessary] ***
skipping: [localhost]

TASK [/stigforge/roles/debian12_cis : Build and Test AIDE Database - Fix DB Out Path in Config File if Necessary] ***
skipping: [localhost]

TASK [/stigforge/roles/debian12_cis : Build and Test AIDE Database - Ensure the Default DB Path is Added] ***
skipping: [localhost]

TASK [/stigforge/roles/debian12_cis : Build and Test AIDE Database - Ensure the Default Out Path is Added] ***
skipping: [localhost]

TASK [/stigforge/roles/debian12_cis : Build and Test AIDE Database - Build and Test AIDE Database] ***
skipping: [localhost]

TASK [/stigforge/roles/debian12_cis : Configure Systemd Timer Execution of AIDE - Define AIDE Periodic Check Service] ***
skipping: [localhost]

TASK [/stigforge/roles/debian12_cis : Configure Systemd Timer Execution of AIDE - Define AIDE Periodic Check Service Timer] ***
skipping: [localhost]

TASK [/stigforge/roles/debian12_cis : Configure Systemd Timer Execution of AIDE - Ensure AIDE Service is Enabled] ***
skipping: [localhost]

TASK [/stigforge/roles/debian12_cis : Configure Systemd Timer Execution of AIDE - Ensure AIDE Service Timer is Enabled] ***
skipping: [localhost]

TASK [/stigforge/roles/debian12_cis : Ensure use_pty is enabled in /etc/sudoers] ***
skipping: [localhost]

TASK [/stigforge/roles/debian12_cis : Ensure logfile is enabled with the appropriate value in /etc/sudoers] ***
skipping: [localhost]

TASK [/stigforge/roles/debian12_cis : Enable logfile option with appropriate value in /etc/sudoers] ***
skipping: [localhost]

TASK [/stigforge/roles/debian12_cis : Find /etc/sudoers.d/ files] **************
skipping: [localhost]

TASK [/stigforge/roles/debian12_cis : Remove lines containing !authenticate from sudoers files] ***
skipping: [localhost]

TASK [/stigforge/roles/debian12_cis : Ensure Local Login Warning Banner Is Configured Properly - Copy using inline content] ***
skipping: [localhost]

TASK [/stigforge/roles/debian12_cis : Ensure Remote Login Warning Banner Is Configured Properly - Copy using inline content] ***
skipping: [localhost]

TASK [/stigforge/roles/debian12_cis : Ensure Message Of The Day Is Configured Properly - Copy using inline content] ***
skipping: [localhost]

TASK [/stigforge/roles/debian12_cis : Set the file_groupowner_etc_issue_newgroup variable if represented by gid] ***
ok: [localhost]

TASK [/stigforge/roles/debian12_cis : Test for existence /etc/issue] ***********
ok: [localhost]

TASK [/stigforge/roles/debian12_cis : Ensure group owner on /etc/issue] ********
ok: [localhost]

TASK [/stigforge/roles/debian12_cis : Set the file_groupowner_etc_issue_net_newgroup variable if represented by gid] ***
ok: [localhost]

TASK [/stigforge/roles/debian12_cis : Test for existence /etc/issue.net] *******
ok: [localhost]

TASK [/stigforge/roles/debian12_cis : Ensure group owner on /etc/issue.net] ****
ok: [localhost]

TASK [/stigforge/roles/debian12_cis : Set the file_groupowner_etc_motd_newgroup variable if represented by gid] ***
ok: [localhost]

TASK [/stigforge/roles/debian12_cis : Test for existence /etc/motd] ************
ok: [localhost]

TASK [/stigforge/roles/debian12_cis : Ensure group owner on /etc/motd] *********
ok: [localhost]

TASK [/stigforge/roles/debian12_cis : Set the file_owner_etc_issue_newown variable if represented by uid] ***
ok: [localhost]

TASK [/stigforge/roles/debian12_cis : Test for existence /etc/issue] ***********
ok: [localhost]

TASK [/stigforge/roles/debian12_cis : Ensure owner on /etc/issue] **************
ok: [localhost]

TASK [/stigforge/roles/debian12_cis : Set the file_owner_etc_issue_net_newown variable if represented by uid] ***
ok: [localhost]

TASK [/stigforge/roles/debian12_cis : Test for existence /etc/issue.net] *******
ok: [localhost]

TASK [/stigforge/roles/debian12_cis : Ensure owner on /etc/issue.net] **********
ok: [localhost]

TASK [/stigforge/roles/debian12_cis : Set the file_owner_etc_motd_newown variable if represented by uid] ***
ok: [localhost]

TASK [/stigforge/roles/debian12_cis : Test for existence /etc/motd] ************
ok: [localhost]

TASK [/stigforge/roles/debian12_cis : Ensure owner on /etc/motd] ***************
ok: [localhost]

TASK [/stigforge/roles/debian12_cis : Test for existence /etc/issue] ***********
ok: [localhost]

TASK [/stigforge/roles/debian12_cis : Ensure permission u-xs,g-xws,o-xwt on /etc/issue] ***
ok: [localhost]

TASK [/stigforge/roles/debian12_cis : Test for existence /etc/issue.net] *******
ok: [localhost]

TASK [/stigforge/roles/debian12_cis : Ensure permission u-xs,g-xws,o-xwt on /etc/issue.net] ***
ok: [localhost]

TASK [/stigforge/roles/debian12_cis : Test for existence /etc/motd] ************
ok: [localhost]

TASK [/stigforge/roles/debian12_cis : Ensure permission u-xs,g-xws,o-xwt on /etc/motd] ***
ok: [localhost]

TASK [/stigforge/roles/debian12_cis : Ensure PAM Enforces Password Requirements - Minimum Digit Characters - Ensure PAM variable dcredit is set accordingly] ***
skipping: [localhost]

TASK [/stigforge/roles/debian12_cis : Ensure PAM Enforces Password Requirements - Prevent the Use of Dictionary Words - Ensure PAM variable dictcheck is set accordingly] ***
skipping: [localhost]

TASK [/stigforge/roles/debian12_cis : Ensure PAM Enforces Password Requirements - Minimum Different Characters - Ensure PAM variable difok is set accordingly] ***
skipping: [localhost]

TASK [/stigforge/roles/debian12_cis : Ensure PAM Enforces Password Requirements - Enforcing] ***
skipping: [localhost]

TASK [/stigforge/roles/debian12_cis : Ensure PAM Enforces Password Requirements - Minimum Lowercase Characters - Ensure PAM variable lcredit is set accordingly] ***
skipping: [localhost]

TASK [/stigforge/roles/debian12_cis : Set Password Maximum Consecutive Repeating Characters - Ensure PAM variable maxrepeat is set accordingly] ***
skipping: [localhost]

TASK [/stigforge/roles/debian12_cis : Limit the maximum number of sequential characters in passwords - Ensure PAM variable maxsequence is set accordingly] ***
skipping: [localhost]

TASK [/stigforge/roles/debian12_cis : Ensure PAM Enforces Password Requirements - Minimum Different Categories - Ensure PAM variable minclass is set accordingly] ***
skipping: [localhost]

TASK [/stigforge/roles/debian12_cis : Ensure PAM Enforces Password Requirements - Minimum Length - Ensure PAM variable minlen is set accordingly] ***
skipping: [localhost]

TASK [/stigforge/roles/debian12_cis : Ensure PAM Enforces Password Requirements - Minimum Special Characters - Ensure PAM variable ocredit is set accordingly] ***
skipping: [localhost]

TASK [/stigforge/roles/debian12_cis : Ensure PAM Enforces Password Requirements - Minimum Uppercase Characters - Ensure PAM variable ucredit is set accordingly] ***
skipping: [localhost]

TASK [/stigforge/roles/debian12_cis : Set PAM Password Hashing Algorithm - system-auth - Check if /etc/pam.d/system-auth file is present] ***
skipping: [localhost]

TASK [/stigforge/roles/debian12_cis : Set PAM Password Hashing Algorithm - system-auth - Define the PAM file to be edited as a local fact] ***
skipping: [localhost]

TASK [/stigforge/roles/debian12_cis : Set PAM Password Hashing Algorithm - system-auth - Check if system relies on authselect tool] ***
skipping: [localhost]

TASK [/stigforge/roles/debian12_cis : Set PAM Password Hashing Algorithm - system-auth - Check integrity of authselect current profile] ***
skipping: [localhost]

TASK [/stigforge/roles/debian12_cis : Set PAM Password Hashing Algorithm - system-auth - Informative message based on the authselect integrity check result] ***
skipping: [localhost]

TASK [/stigforge/roles/debian12_cis : Set PAM Password Hashing Algorithm - system-auth - Get authselect current profile] ***
skipping: [localhost]

TASK [/stigforge/roles/debian12_cis : Set PAM Password Hashing Algorithm - system-auth - Define the current authselect profile as a local fact] ***
skipping: [localhost]

TASK [/stigforge/roles/debian12_cis : Set PAM Password Hashing Algorithm - system-auth - Define the new authselect custom profile as a local fact] ***
skipping: [localhost]

TASK [/stigforge/roles/debian12_cis : Set PAM Password Hashing Algorithm - system-auth - Get authselect current features to also enable them in the custom profile] ***
skipping: [localhost]

TASK [/stigforge/roles/debian12_cis : Set PAM Password Hashing Algorithm - system-auth - Check if any custom profile with the same name was already created] ***
skipping: [localhost]

TASK [/stigforge/roles/debian12_cis : Set PAM Password Hashing Algorithm - system-auth - Create an authselect custom profile based on the current profile] ***
skipping: [localhost]

TASK [/stigforge/roles/debian12_cis : Set PAM Password Hashing Algorithm - system-auth - Create an authselect custom profile based on sssd profile] ***
skipping: [localhost]

TASK [/stigforge/roles/debian12_cis : Set PAM Password Hashing Algorithm - system-auth - Ensure authselect changes are applied] ***
skipping: [localhost]

TASK [/stigforge/roles/debian12_cis : Set PAM Password Hashing Algorithm - system-auth - Ensure the authselect custom profile is selected] ***
skipping: [localhost]

TASK [/stigforge/roles/debian12_cis : Set PAM Password Hashing Algorithm - system-auth - Restore the authselect features in the custom profile] ***
skipping: [localhost]

TASK [/stigforge/roles/debian12_cis : Set PAM Password Hashing Algorithm - system-auth - Ensure authselect changes are applied] ***
skipping: [localhost]

TASK [/stigforge/roles/debian12_cis : Set PAM Password Hashing Algorithm - system-auth - Change the PAM file to be edited according to the custom authselect profile] ***
skipping: [localhost]

TASK [/stigforge/roles/debian12_cis : Set PAM Password Hashing Algorithm - system-auth - Define a fact for control already filtered in case filters are used] ***
skipping: [localhost]

TASK [/stigforge/roles/debian12_cis : Set PAM Password Hashing Algorithm - system-auth - Check if expected PAM module line is present in {{ pam_file_path }}] ***
skipping: [localhost]

TASK [/stigforge/roles/debian12_cis : Set PAM Password Hashing Algorithm - system-auth - Check if required PAM module line is present in {{ pam_file_path }} with different control] ***
skipping: [localhost]

TASK [/stigforge/roles/debian12_cis : Set PAM Password Hashing Algorithm - system-auth - Ensure the correct control for the required PAM module line in {{ pam_file_path }}] ***
skipping: [localhost]

TASK [/stigforge/roles/debian12_cis : Set PAM Password Hashing Algorithm - system-auth - Ensure the required PAM module line is included in {{ pam_file_path }}] ***
skipping: [localhost]

TASK [/stigforge/roles/debian12_cis : Set PAM Password Hashing Algorithm - system-auth - Ensure authselect changes are applied] ***
skipping: [localhost]

TASK [/stigforge/roles/debian12_cis : Set PAM Password Hashing Algorithm - system-auth - Define a fact for control already filtered in case filters are used] ***
skipping: [localhost]

TASK [/stigforge/roles/debian12_cis : Set PAM Password Hashing Algorithm - system-auth - Check if the required PAM module option is present in {{ pam_file_path }}] ***
skipping: [localhost]

TASK [/stigforge/roles/debian12_cis : Set PAM Password Hashing Algorithm - system-auth - Ensure the "{{ var_password_hashing_algorithm_pam.split("|")[0] }}" PAM option for "pam_unix.so" is included in {{ pam_file_path }}] ***
skipping: [localhost]

TASK [/stigforge/roles/debian12_cis : Set PAM Password Hashing Algorithm - system-auth - Ensure authselect changes are applied] ***
skipping: [localhost]

TASK [/stigforge/roles/debian12_cis : Set PAM Password Hashing Algorithm - system-auth - Check if /etc/pam.d/system-auth File is Present] ***
skipping: [localhost]

TASK [/stigforge/roles/debian12_cis : Set PAM Password Hashing Algorithm - system-auth - Define the PAM file to be edited as a local fact] ***
skipping: [localhost]

TASK [/stigforge/roles/debian12_cis : Set PAM Password Hashing Algorithm - system-auth - Check if system relies on authselect tool] ***
skipping: [localhost]

TASK [/stigforge/roles/debian12_cis : Set PAM Password Hashing Algorithm - system-auth - Check integrity of authselect current profile] ***
skipping: [localhost]

TASK [/stigforge/roles/debian12_cis : Set PAM Password Hashing Algorithm - system-auth - Informative message based on the authselect integrity check result] ***
skipping: [localhost]

TASK [/stigforge/roles/debian12_cis : Set PAM Password Hashing Algorithm - system-auth - Get authselect current profile] ***
skipping: [localhost]

TASK [/stigforge/roles/debian12_cis : Set PAM Password Hashing Algorithm - system-auth - Define the current authselect profile as a local fact] ***
skipping: [localhost]

TASK [/stigforge/roles/debian12_cis : Set PAM Password Hashing Algorithm - system-auth - Define the new authselect custom profile as a local fact] ***
skipping: [localhost]

TASK [/stigforge/roles/debian12_cis : Set PAM Password Hashing Algorithm - system-auth - Get authselect current features to also enable them in the custom profile] ***
skipping: [localhost]

TASK [/stigforge/roles/debian12_cis : Set PAM Password Hashing Algorithm - system-auth - Check if any custom profile with the same name was already created] ***
skipping: [localhost]

TASK [/stigforge/roles/debian12_cis : Set PAM Password Hashing Algorithm - system-auth - Create an authselect custom profile based on the current profile] ***
skipping: [localhost]

TASK [/stigforge/roles/debian12_cis : Set PAM Password Hashing Algorithm - system-auth - Create an authselect custom profile based on sssd profile] ***
skipping: [localhost]

TASK [/stigforge/roles/debian12_cis : Set PAM Password Hashing Algorithm - system-auth - Ensure authselect changes are applied] ***
skipping: [localhost]

TASK [/stigforge/roles/debian12_cis : Set PAM Password Hashing Algorithm - system-auth - Ensure the authselect custom profile is selected] ***
skipping: [localhost]

TASK [/stigforge/roles/debian12_cis : Set PAM Password Hashing Algorithm - system-auth - Restore the authselect features in the custom profile] ***
skipping: [localhost]

TASK [/stigforge/roles/debian12_cis : Set PAM Password Hashing Algorithm - system-auth - Ensure authselect changes are applied] ***
skipping: [localhost]

TASK [/stigforge/roles/debian12_cis : Set PAM Password Hashing Algorithm - system-auth - Change the PAM file to be edited according to the custom authselect profile] ***
skipping: [localhost]

TASK [/stigforge/roles/debian12_cis : Set PAM Password Hashing Algorithm - system-auth - Check if "{{ pam_file_path }}" File is Present] ***
skipping: [localhost]

TASK [/stigforge/roles/debian12_cis : Set PAM Password Hashing Algorithm - system-auth - Ensure That Only the Correct Hashing Algorithm Option For pam_unix.so Is Used in {{ pam_file_path }}] ***
skipping: [localhost] => (item=sha512) 
skipping: [localhost] => (item=yescrypt) 
skipping: [localhost] => (item=gost_yescrypt) 
skipping: [localhost] => (item=blowfish) 
skipping: [localhost] => (item=sha256) 
skipping: [localhost] => (item=md5) 
skipping: [localhost] => (item=bigcrypt) 
skipping: [localhost]

TASK [/stigforge/roles/debian12_cis : Set PAM Password Hashing Algorithm - system-auth - Ensure authselect changes are applied] ***
skipping: [localhost]

TASK [/stigforge/roles/debian12_cis : Ensure interactive local users are the owners of their respective initialization files] ***
skipping: [localhost]

TASK [/stigforge/roles/debian12_cis : Set Password Maximum Age] ****************
skipping: [localhost]

TASK [/stigforge/roles/debian12_cis : Collect users with not correct INACTIVE parameter set] ***
skipping: [localhost]

TASK [/stigforge/roles/debian12_cis : Change the period of inactivity] *********
skipping: [localhost]

TASK [/stigforge/roles/debian12_cis : Collect users with no password] **********
skipping: [localhost]

TASK [/stigforge/roles/debian12_cis : Lock users with no password] *************
skipping: [localhost]

TASK [/stigforge/roles/debian12_cis : Get all /etc/passwd file entries] ********
skipping: [localhost]

TASK [/stigforge/roles/debian12_cis : Lock the password of the user accounts other than root with uid 0] ***
skipping: [localhost]

TASK [/stigforge/roles/debian12_cis : Ensure that System Accounts Do Not Run a Shell Upon Login - Get All Local Users From /etc/passwd] ***
skipping: [localhost]

TASK [/stigforge/roles/debian12_cis : Ensure that System Accounts Do Not Run a Shell Upon Login - Create local_users Variable From getent_passwd Facts] ***
skipping: [localhost]

TASK [/stigforge/roles/debian12_cis : Ensure that System Accounts Do Not Run a Shell Upon Login -  Disable Login Shell for System Accounts] ***
skipping: [localhost]

TASK [/stigforge/roles/debian12_cis : Correct any occurrence of TMOUT in /etc/profile] ***
skipping: [localhost]

TASK [/stigforge/roles/debian12_cis : Set Interactive Session Timeout] *********
skipping: [localhost]

TASK [/stigforge/roles/debian12_cis : User Initialization Files Must Be Group-Owned By The Primary Group - Get interactive users from passwd file] ***
skipping: [localhost]

TASK [/stigforge/roles/debian12_cis : User Initialization Files Must Be Group-Owned By The Primary Group - Create list of interactive users with GID and home directory] ***
skipping: [localhost]

TASK [/stigforge/roles/debian12_cis : User Initialization Files Must Be Group-Owned By The Primary Group - Find dot files in interactive user home directories] ***
skipping: [localhost]

TASK [/stigforge/roles/debian12_cis : User Initialization Files Must Be Group-Owned By The Primary Group - Set correct group ownership for user initialization files] ***
skipping: [localhost]

TASK [/stigforge/roles/debian12_cis : User Initialization Files Must Be Owned By the Primary User - Get interactive users from passwd file] ***
skipping: [localhost]

TASK [/stigforge/roles/debian12_cis : User Initialization Files Must Be Owned By the Primary User - Create list of interactive users with UID and home directory] ***
skipping: [localhost]

TASK [/stigforge/roles/debian12_cis : User Initialization Files Must Be Owned By the Primary User - Find dot files in interactive user home directories] ***
skipping: [localhost]

TASK [/stigforge/roles/debian12_cis : User Initialization Files Must Be Owned By the Primary User - Set correct ownership for user initialization files] ***
skipping: [localhost]

TASK [/stigforge/roles/debian12_cis : Get all local users from /etc/passwd] ****
skipping: [localhost]

TASK [/stigforge/roles/debian12_cis : Create local_users variable from the getent output] ***
skipping: [localhost]

TASK [/stigforge/roles/debian12_cis : Ensure interactive users have a home directory exists] ***
skipping: [localhost]

TASK [/stigforge/roles/debian12_cis : Get all users from getent to support remote users (LDAP, SSSD, etc.)] ***
ok: [localhost]

TASK [/stigforge/roles/debian12_cis : Create interactive_users variable filtering out non-interactive shells] ***
ok: [localhost]

TASK [/stigforge/roles/debian12_cis : Test for existence of home directories to avoid creating them, but only fixing group ownership] ***
skipping: [localhost] => (item={'key': 'root', 'value': ['x', '0', '0', 'root', '/root', '/bin/bash']}) 
skipping: [localhost] => (item={'key': 'sync', 'value': ['x', '4', '65534', 'sync', '/bin', '/bin/sync']}) 
skipping: [localhost]

TASK [/stigforge/roles/debian12_cis : Ensure interactive users are the group-owners of their respective home directories] ***
skipping: [localhost] => (item=[{'key': 'root', 'value': ['x', '0', '0', 'root', '/root', '/bin/bash']}, {'changed': False, 'skipped': True, 'skip_reason': 'Conditional result was False', 'false_condition': 'item.value[1]|int >= 1000', 'item': {'key': 'root', 'value': ['x', '0', '0', 'root', '/root', '/bin/bash']}, 'ansible_loop_var': 'item'}]) 
skipping: [localhost] => (item=[{'key': 'sync', 'value': ['x', '4', '65534', 'sync', '/bin', '/bin/sync']}, {'changed': False, 'skipped': True, 'skip_reason': 'Conditional result was False', 'false_condition': 'item.value[1]|int >= 1000', 'item': {'key': 'sync', 'value': ['x', '4', '65534', 'sync', '/bin', '/bin/sync']}, 'ansible_loop_var': 'item'}]) 
skipping: [localhost]

TASK [/stigforge/roles/debian12_cis : Get all local users from /etc/passwd] ****
ok: [localhost]

TASK [/stigforge/roles/debian12_cis : Create local_users variable from the getent output] ***
ok: [localhost]

TASK [/stigforge/roles/debian12_cis : Test for existence of home directories to avoid creating them, but only fixing ownership] ***
skipping: [localhost] => (item={'key': 'root', 'value': ['x', '0', '0', 'root', '/root', '/bin/bash']}) 
skipping: [localhost] => (item={'key': 'daemon', 'value': ['x', '1', '1', 'daemon', '/usr/sbin', '/usr/sbin/nologin']}) 
skipping: [localhost] => (item={'key': 'bin', 'value': ['x', '2', '2', 'bin', '/bin', '/usr/sbin/nologin']}) 
skipping: [localhost] => (item={'key': 'sys', 'value': ['x', '3', '3', 'sys', '/dev', '/usr/sbin/nologin']}) 
skipping: [localhost] => (item={'key': 'sync', 'value': ['x', '4', '65534', 'sync', '/bin', '/bin/sync']}) 
skipping: [localhost] => (item={'key': 'games', 'value': ['x', '5', '60', 'games', '/usr/games', '/usr/sbin/nologin']}) 
skipping: [localhost] => (item={'key': 'man', 'value': ['x', '6', '12', 'man', '/var/cache/man', '/usr/sbin/nologin']}) 
skipping: [localhost] => (item={'key': 'lp', 'value': ['x', '7', '7', 'lp', '/var/spool/lpd', '/usr/sbin/nologin']}) 
skipping: [localhost] => (item={'key': 'mail', 'value': ['x', '8', '8', 'mail', '/var/mail', '/usr/sbin/nologin']}) 
skipping: [localhost] => (item={'key': 'news', 'value': ['x', '9', '9', 'news', '/var/spool/news', '/usr/sbin/nologin']}) 
skipping: [localhost] => (item={'key': 'uucp', 'value': ['x', '10', '10', 'uucp', '/var/spool/uucp', '/usr/sbin/nologin']}) 
skipping: [localhost] => (item={'key': 'proxy', 'value': ['x', '13', '13', 'proxy', '/bin', '/usr/sbin/nologin']}) 
skipping: [localhost] => (item={'key': 'www-data', 'value': ['x', '33', '33', 'www-data', '/var/www', '/usr/sbin/nologin']}) 
skipping: [localhost] => (item={'key': 'backup', 'value': ['x', '34', '34', 'backup', '/var/backups', '/usr/sbin/nologin']}) 
skipping: [localhost] => (item={'key': 'list', 'value': ['x', '38', '38', 'Mailing List Manager', '/var/list', '/usr/sbin/nologin']}) 
skipping: [localhost] => (item={'key': 'irc', 'value': ['x', '39', '39', 'ircd', '/run/ircd', '/usr/sbin/nologin']}) 
skipping: [localhost] => (item={'key': '_apt', 'value': ['x', '42', '65534', '', '/nonexistent', '/usr/sbin/nologin']}) 
skipping: [localhost] => (item={'key': 'nobody', 'value': ['x', '65534', '65534', 'nobody', '/nonexistent', '/usr/sbin/nologin']}) 
skipping: [localhost]

TASK [/stigforge/roles/debian12_cis : Ensure interactive local users are the owners of their respective home directories] ***
skipping: [localhost] => (item=[{'key': 'root', 'value': ['x', '0', '0', 'root', '/root', '/bin/bash']}, {'changed': False, 'skipped': True, 'skip_reason': 'Conditional result was False', 'false_condition': 'item.value[1]|int >= 1000', 'item': {'key': 'root', 'value': ['x', '0', '0', 'root', '/root', '/bin/bash']}, 'ansible_loop_var': 'item'}]) 
skipping: [localhost] => (item=[{'key': 'daemon', 'value': ['x', '1', '1', 'daemon', '/usr/sbin', '/usr/sbin/nologin']}, {'changed': False, 'skipped': True, 'skip_reason': 'Conditional result was False', 'false_condition': 'item.value[1]|int >= 1000', 'item': {'key': 'daemon', 'value': ['x', '1', '1', 'daemon', '/usr/sbin', '/usr/sbin/nologin']}, 'ansible_loop_var': 'item'}]) 
skipping: [localhost] => (item=[{'key': 'bin', 'value': ['x', '2', '2', 'bin', '/bin', '/usr/sbin/nologin']}, {'changed': False, 'skipped': True, 'skip_reason': 'Conditional result was False', 'false_condition': 'item.value[1]|int >= 1000', 'item': {'key': 'bin', 'value': ['x', '2', '2', 'bin', '/bin', '/usr/sbin/nologin']}, 'ansible_loop_var': 'item'}]) 
skipping: [localhost] => (item=[{'key': 'sys', 'value': ['x', '3', '3', 'sys', '/dev', '/usr/sbin/nologin']}, {'changed': False, 'skipped': True, 'skip_reason': 'Conditional result was False', 'false_condition': 'item.value[1]|int >= 1000', 'item': {'key': 'sys', 'value': ['x', '3', '3', 'sys', '/dev', '/usr/sbin/nologin']}, 'ansible_loop_var': 'item'}]) 
skipping: [localhost] => (item=[{'key': 'sync', 'value': ['x', '4', '65534', 'sync', '/bin', '/bin/sync']}, {'changed': False, 'skipped': True, 'skip_reason': 'Conditional result was False', 'false_condition': 'item.value[1]|int >= 1000', 'item': {'key': 'sync', 'value': ['x', '4', '65534', 'sync', '/bin', '/bin/sync']}, 'ansible_loop_var': 'item'}]) 
skipping: [localhost] => (item=[{'key': 'games', 'value': ['x', '5', '60', 'games', '/usr/games', '/usr/sbin/nologin']}, {'changed': False, 'skipped': True, 'skip_reason': 'Conditional result was False', 'false_condition': 'item.value[1]|int >= 1000', 'item': {'key': 'games', 'value': ['x', '5', '60', 'games', '/usr/games', '/usr/sbin/nologin']}, 'ansible_loop_var': 'item'}]) 
skipping: [localhost] => (item=[{'key': 'man', 'value': ['x', '6', '12', 'man', '/var/cache/man', '/usr/sbin/nologin']}, {'changed': False, 'skipped': True, 'skip_reason': 'Conditional result was False', 'false_condition': 'item.value[1]|int >= 1000', 'item': {'key': 'man', 'value': ['x', '6', '12', 'man', '/var/cache/man', '/usr/sbin/nologin']}, 'ansible_loop_var': 'item'}]) 
skipping: [localhost] => (item=[{'key': 'lp', 'value': ['x', '7', '7', 'lp', '/var/spool/lpd', '/usr/sbin/nologin']}, {'changed': False, 'skipped': True, 'skip_reason': 'Conditional result was False', 'false_condition': 'item.value[1]|int >= 1000', 'item': {'key': 'lp', 'value': ['x', '7', '7', 'lp', '/var/spool/lpd', '/usr/sbin/nologin']}, 'ansible_loop_var': 'item'}]) 
skipping: [localhost] => (item=[{'key': 'mail', 'value': ['x', '8', '8', 'mail', '/var/mail', '/usr/sbin/nologin']}, {'changed': False, 'skipped': True, 'skip_reason': 'Conditional result was False', 'false_condition': 'item.value[1]|int >= 1000', 'item': {'key': 'mail', 'value': ['x', '8', '8', 'mail', '/var/mail', '/usr/sbin/nologin']}, 'ansible_loop_var': 'item'}]) 
skipping: [localhost] => (item=[{'key': 'news', 'value': ['x', '9', '9', 'news', '/var/spool/news', '/usr/sbin/nologin']}, {'changed': False, 'skipped': True, 'skip_reason': 'Conditional result was False', 'false_condition': 'item.value[1]|int >= 1000', 'item': {'key': 'news', 'value': ['x', '9', '9', 'news', '/var/spool/news', '/usr/sbin/nologin']}, 'ansible_loop_var': 'item'}]) 
skipping: [localhost] => (item=[{'key': 'uucp', 'value': ['x', '10', '10', 'uucp', '/var/spool/uucp', '/usr/sbin/nologin']}, {'changed': False, 'skipped': True, 'skip_reason': 'Conditional result was False', 'false_condition': 'item.value[1]|int >= 1000', 'item': {'key': 'uucp', 'value': ['x', '10', '10', 'uucp', '/var/spool/uucp', '/usr/sbin/nologin']}, 'ansible_loop_var': 'item'}]) 
skipping: [localhost] => (item=[{'key': 'proxy', 'value': ['x', '13', '13', 'proxy', '/bin', '/usr/sbin/nologin']}, {'changed': False, 'skipped': True, 'skip_reason': 'Conditional result was False', 'false_condition': 'item.value[1]|int >= 1000', 'item': {'key': 'proxy', 'value': ['x', '13', '13', 'proxy', '/bin', '/usr/sbin/nologin']}, 'ansible_loop_var': 'item'}]) 
skipping: [localhost] => (item=[{'key': 'www-data', 'value': ['x', '33', '33', 'www-data', '/var/www', '/usr/sbin/nologin']}, {'changed': False, 'skipped': True, 'skip_reason': 'Conditional result was False', 'false_condition': 'item.value[1]|int >= 1000', 'item': {'key': 'www-data', 'value': ['x', '33', '33', 'www-data', '/var/www', '/usr/sbin/nologin']}, 'ansible_loop_var': 'item'}]) 
skipping: [localhost] => (item=[{'key': 'backup', 'value': ['x', '34', '34', 'backup', '/var/backups', '/usr/sbin/nologin']}, {'changed': False, 'skipped': True, 'skip_reason': 'Conditional result was False', 'false_condition': 'item.value[1]|int >= 1000', 'item': {'key': 'backup', 'value': ['x', '34', '34', 'backup', '/var/backups', '/usr/sbin/nologin']}, 'ansible_loop_var': 'item'}]) 
skipping: [localhost] => (item=[{'key': 'list', 'value': ['x', '38', '38', 'Mailing List Manager', '/var/list', '/usr/sbin/nologin']}, {'changed': False, 'skipped': True, 'skip_reason': 'Conditional result was False', 'false_condition': 'item.value[1]|int >= 1000', 'item': {'key': 'list', 'value': ['x', '38', '38', 'Mailing List Manager', '/var/list', '/usr/sbin/nologin']}, 'ansible_loop_var': 'item'}]) 
skipping: [localhost] => (item=[{'key': 'irc', 'value': ['x', '39', '39', 'ircd', '/run/ircd', '/usr/sbin/nologin']}, {'changed': False, 'skipped': True, 'skip_reason': 'Conditional result was False', 'false_condition': 'item.value[1]|int >= 1000', 'item': {'key': 'irc', 'value': ['x', '39', '39', 'ircd', '/run/ircd', '/usr/sbin/nologin']}, 'ansible_loop_var': 'item'}]) 
skipping: [localhost] => (item=[{'key': '_apt', 'value': ['x', '42', '65534', '', '/nonexistent', '/usr/sbin/nologin']}, {'changed': False, 'skipped': True, 'skip_reason': 'Conditional result was False', 'false_condition': 'item.value[1]|int >= 1000', 'item': {'key': '_apt', 'value': ['x', '42', '65534', '', '/nonexistent', '/usr/sbin/nologin']}, 'ansible_loop_var': 'item'}]) 
skipping: [localhost] => (item=[{'key': 'nobody', 'value': ['x', '65534', '65534', 'nobody', '/nonexistent', '/usr/sbin/nologin']}, {'changed': False, 'skipped': True, 'skip_reason': 'Conditional result was False', 'false_condition': 'item.value[1]|int != 65534', 'item': {'key': 'nobody', 'value': ['x', '65534', '65534', 'nobody', '/nonexistent', '/usr/sbin/nologin']}, 'ansible_loop_var': 'item'}]) 
skipping: [localhost]

TASK [/stigforge/roles/debian12_cis : Ensure User Bash History File Has Correct Permissions - Gather User Info] ***
ok: [localhost]

TASK [/stigforge/roles/debian12_cis : Ensure User Bash History File Has Correct Permissions - Check Bash History Files Existence] ***
skipping: [localhost] => (item={'key': 'root', 'value': ['x', '0', '0', 'root', '/root', '/bin/bash']}) 
skipping: [localhost] => (item={'key': 'daemon', 'value': ['x', '1', '1', 'daemon', '/usr/sbin', '/usr/sbin/nologin']}) 
skipping: [localhost] => (item={'key': 'bin', 'value': ['x', '2', '2', 'bin', '/bin', '/usr/sbin/nologin']}) 
skipping: [localhost] => (item={'key': 'sys', 'value': ['x', '3', '3', 'sys', '/dev', '/usr/sbin/nologin']}) 
skipping: [localhost] => (item={'key': 'sync', 'value': ['x', '4', '65534', 'sync', '/bin', '/bin/sync']}) 
skipping: [localhost] => (item={'key': 'games', 'value': ['x', '5', '60', 'games', '/usr/games', '/usr/sbin/nologin']}) 
skipping: [localhost] => (item={'key': 'man', 'value': ['x', '6', '12', 'man', '/var/cache/man', '/usr/sbin/nologin']}) 
skipping: [localhost] => (item={'key': 'lp', 'value': ['x', '7', '7', 'lp', '/var/spool/lpd', '/usr/sbin/nologin']}) 
skipping: [localhost] => (item={'key': 'mail', 'value': ['x', '8', '8', 'mail', '/var/mail', '/usr/sbin/nologin']}) 
skipping: [localhost] => (item={'key': 'news', 'value': ['x', '9', '9', 'news', '/var/spool/news', '/usr/sbin/nologin']}) 
skipping: [localhost] => (item={'key': 'uucp', 'value': ['x', '10', '10', 'uucp', '/var/spool/uucp', '/usr/sbin/nologin']}) 
skipping: [localhost] => (item={'key': 'proxy', 'value': ['x', '13', '13', 'proxy', '/bin', '/usr/sbin/nologin']}) 
skipping: [localhost] => (item={'key': 'www-data', 'value': ['x', '33', '33', 'www-data', '/var/www', '/usr/sbin/nologin']}) 
skipping: [localhost] => (item={'key': 'backup', 'value': ['x', '34', '34', 'backup', '/var/backups', '/usr/sbin/nologin']}) 
skipping: [localhost] => (item={'key': 'list', 'value': ['x', '38', '38', 'Mailing List Manager', '/var/list', '/usr/sbin/nologin']}) 
skipping: [localhost] => (item={'key': 'irc', 'value': ['x', '39', '39', 'ircd', '/run/ircd', '/usr/sbin/nologin']}) 
skipping: [localhost] => (item={'key': '_apt', 'value': ['x', '42', '65534', '', '/nonexistent', '/usr/sbin/nologin']}) 
skipping: [localhost] => (item={'key': 'nobody', 'value': ['x', '65534', '65534', 'nobody', '/nonexistent', '/usr/sbin/nologin']}) 
skipping: [localhost]

TASK [/stigforge/roles/debian12_cis : Ensure User Bash History File Has Correct Permissions - Fix Bash History Files Permissions] ***
skipping: [localhost] => (item={'changed': False, 'skipped': True, 'skip_reason': 'Conditional result was False', 'false_condition': 'item.value[1] | int >= 1000', 'item': {'key': 'root', 'value': ['x', '0', '0', 'root', '/root', '/bin/bash']}, 'ansible_loop_var': 'item'}) 
skipping: [localhost] => (item={'changed': False, 'skipped': True, 'skip_reason': 'Conditional result was False', 'false_condition': 'item.value[1] | int >= 1000', 'item': {'key': 'daemon', 'value': ['x', '1', '1', 'daemon', '/usr/sbin', '/usr/sbin/nologin']}, 'ansible_loop_var': 'item'}) 
skipping: [localhost] => (item={'changed': False, 'skipped': True, 'skip_reason': 'Conditional result was False', 'false_condition': 'item.value[1] | int >= 1000', 'item': {'key': 'bin', 'value': ['x', '2', '2', 'bin', '/bin', '/usr/sbin/nologin']}, 'ansible_loop_var': 'item'}) 
skipping: [localhost] => (item={'changed': False, 'skipped': True, 'skip_reason': 'Conditional result was False', 'false_condition': 'item.value[1] | int >= 1000', 'item': {'key': 'sys', 'value': ['x', '3', '3', 'sys', '/dev', '/usr/sbin/nologin']}, 'ansible_loop_var': 'item'}) 
skipping: [localhost] => (item={'changed': False, 'skipped': True, 'skip_reason': 'Conditional result was False', 'false_condition': 'item.value[1] | int >= 1000', 'item': {'key': 'sync', 'value': ['x', '4', '65534', 'sync', '/bin', '/bin/sync']}, 'ansible_loop_var': 'item'}) 
skipping: [localhost] => (item={'changed': False, 'skipped': True, 'skip_reason': 'Conditional result was False', 'false_condition': 'item.value[1] | int >= 1000', 'item': {'key': 'games', 'value': ['x', '5', '60', 'games', '/usr/games', '/usr/sbin/nologin']}, 'ansible_loop_var': 'item'}) 
skipping: [localhost] => (item={'changed': False, 'skipped': True, 'skip_reason': 'Conditional result was False', 'false_condition': 'item.value[1] | int >= 1000', 'item': {'key': 'man', 'value': ['x', '6', '12', 'man', '/var/cache/man', '/usr/sbin/nologin']}, 'ansible_loop_var': 'item'}) 
skipping: [localhost] => (item={'changed': False, 'skipped': True, 'skip_reason': 'Conditional result was False', 'false_condition': 'item.value[1] | int >= 1000', 'item': {'key': 'lp', 'value': ['x', '7', '7', 'lp', '/var/spool/lpd', '/usr/sbin/nologin']}, 'ansible_loop_var': 'item'}) 
skipping: [localhost] => (item={'changed': False, 'skipped': True, 'skip_reason': 'Conditional result was False', 'false_condition': 'item.value[1] | int >= 1000', 'item': {'key': 'mail', 'value': ['x', '8', '8', 'mail', '/var/mail', '/usr/sbin/nologin']}, 'ansible_loop_var': 'item'}) 
skipping: [localhost] => (item={'changed': False, 'skipped': True, 'skip_reason': 'Conditional result was False', 'false_condition': 'item.value[1] | int >= 1000', 'item': {'key': 'news', 'value': ['x', '9', '9', 'news', '/var/spool/news', '/usr/sbin/nologin']}, 'ansible_loop_var': 'item'}) 
skipping: [localhost] => (item={'changed': False, 'skipped': True, 'skip_reason': 'Conditional result was False', 'false_condition': 'item.value[1] | int >= 1000', 'item': {'key': 'uucp', 'value': ['x', '10', '10', 'uucp', '/var/spool/uucp', '/usr/sbin/nologin']}, 'ansible_loop_var': 'item'}) 
skipping: [localhost] => (item={'changed': False, 'skipped': True, 'skip_reason': 'Conditional result was False', 'false_condition': 'item.value[1] | int >= 1000', 'item': {'key': 'proxy', 'value': ['x', '13', '13', 'proxy', '/bin', '/usr/sbin/nologin']}, 'ansible_loop_var': 'item'}) 
skipping: [localhost] => (item={'changed': False, 'skipped': True, 'skip_reason': 'Conditional result was False', 'false_condition': 'item.value[1] | int >= 1000', 'item': {'key': 'www-data', 'value': ['x', '33', '33', 'www-data', '/var/www', '/usr/sbin/nologin']}, 'ansible_loop_var': 'item'}) 
skipping: [localhost] => (item={'changed': False, 'skipped': True, 'skip_reason': 'Conditional result was False', 'false_condition': 'item.value[1] | int >= 1000', 'item': {'key': 'backup', 'value': ['x', '34', '34', 'backup', '/var/backups', '/usr/sbin/nologin']}, 'ansible_loop_var': 'item'}) 
skipping: [localhost] => (item={'changed': False, 'skipped': True, 'skip_reason': 'Conditional result was False', 'false_condition': 'item.value[1] | int >= 1000', 'item': {'key': 'list', 'value': ['x', '38', '38', 'Mailing List Manager', '/var/list', '/usr/sbin/nologin']}, 'ansible_loop_var': 'item'}) 
skipping: [localhost] => (item={'changed': False, 'skipped': True, 'skip_reason': 'Conditional result was False', 'false_condition': 'item.value[1] | int >= 1000', 'item': {'key': 'irc', 'value': ['x', '39', '39', 'ircd', '/run/ircd', '/usr/sbin/nologin']}, 'ansible_loop_var': 'item'}) 
skipping: [localhost] => (item={'changed': False, 'skipped': True, 'skip_reason': 'Conditional result was False', 'false_condition': 'item.value[1] | int >= 1000', 'item': {'key': '_apt', 'value': ['x', '42', '65534', '', '/nonexistent', '/usr/sbin/nologin']}, 'ansible_loop_var': 'item'}) 
skipping: [localhost] => (item={'changed': False, 'skipped': True, 'skip_reason': 'Conditional result was False', 'false_condition': 'item.key not in ["nobody", "nfsnobody"]', 'item': {'key': 'nobody', 'value': ['x', '65534', '65534', 'nobody', '/nonexistent', '/usr/sbin/nologin']}, 'ansible_loop_var': 'item'}) 
skipping: [localhost]

TASK [/stigforge/roles/debian12_cis : Ensure All User Initialization Files Have Mode 0740 Or Less Permissive - Gather User Info] ***
ok: [localhost]

TASK [/stigforge/roles/debian12_cis : Ensure All User Initialization Files Have Mode 0740 Or Less Permissive - Find Init Files] ***
skipping: [localhost] => (item={'key': 'root', 'value': ['x', '0', '0', 'root', '/root', '/bin/bash']}) 
skipping: [localhost] => (item={'key': 'daemon', 'value': ['x', '1', '1', 'daemon', '/usr/sbin', '/usr/sbin/nologin']}) 
skipping: [localhost] => (item={'key': 'bin', 'value': ['x', '2', '2', 'bin', '/bin', '/usr/sbin/nologin']}) 
skipping: [localhost] => (item={'key': 'sys', 'value': ['x', '3', '3', 'sys', '/dev', '/usr/sbin/nologin']}) 
skipping: [localhost] => (item={'key': 'sync', 'value': ['x', '4', '65534', 'sync', '/bin', '/bin/sync']}) 
skipping: [localhost] => (item={'key': 'games', 'value': ['x', '5', '60', 'games', '/usr/games', '/usr/sbin/nologin']}) 
skipping: [localhost] => (item={'key': 'man', 'value': ['x', '6', '12', 'man', '/var/cache/man', '/usr/sbin/nologin']}) 
skipping: [localhost] => (item={'key': 'lp', 'value': ['x', '7', '7', 'lp', '/var/spool/lpd', '/usr/sbin/nologin']}) 
skipping: [localhost] => (item={'key': 'mail', 'value': ['x', '8', '8', 'mail', '/var/mail', '/usr/sbin/nologin']}) 
skipping: [localhost] => (item={'key': 'news', 'value': ['x', '9', '9', 'news', '/var/spool/news', '/usr/sbin/nologin']}) 
skipping: [localhost] => (item={'key': 'uucp', 'value': ['x', '10', '10', 'uucp', '/var/spool/uucp', '/usr/sbin/nologin']}) 
skipping: [localhost] => (item={'key': 'proxy', 'value': ['x', '13', '13', 'proxy', '/bin', '/usr/sbin/nologin']}) 
skipping: [localhost] => (item={'key': 'www-data', 'value': ['x', '33', '33', 'www-data', '/var/www', '/usr/sbin/nologin']}) 
skipping: [localhost] => (item={'key': 'backup', 'value': ['x', '34', '34', 'backup', '/var/backups', '/usr/sbin/nologin']}) 
skipping: [localhost] => (item={'key': 'list', 'value': ['x', '38', '38', 'Mailing List Manager', '/var/list', '/usr/sbin/nologin']}) 
skipping: [localhost] => (item={'key': 'irc', 'value': ['x', '39', '39', 'ircd', '/run/ircd', '/usr/sbin/nologin']}) 
skipping: [localhost] => (item={'key': '_apt', 'value': ['x', '42', '65534', '', '/nonexistent', '/usr/sbin/nologin']}) 
skipping: [localhost] => (item={'key': 'nobody', 'value': ['x', '65534', '65534', 'nobody', '/nonexistent', '/usr/sbin/nologin']}) 
skipping: [localhost]

TASK [/stigforge/roles/debian12_cis : Ensure All User Initialization Files Have Mode 0740 Or Less Permissive - Fix Init Files Permissions] ***
skipping: [localhost]

TASK [/stigforge/roles/debian12_cis : Get all local users from /etc/passwd] ****
ok: [localhost]

TASK [/stigforge/roles/debian12_cis : Create local_users variable from the getent output] ***
ok: [localhost]

TASK [/stigforge/roles/debian12_cis : Test for existence home directories to avoid creating them.] ***
skipping: [localhost] => (item={'key': 'root', 'value': ['x', '0', '0', 'root', '/root', '/bin/bash']}) 
skipping: [localhost] => (item={'key': 'daemon', 'value': ['x', '1', '1', 'daemon', '/usr/sbin', '/usr/sbin/nologin']}) 
skipping: [localhost] => (item={'key': 'bin', 'value': ['x', '2', '2', 'bin', '/bin', '/usr/sbin/nologin']}) 
skipping: [localhost] => (item={'key': 'sys', 'value': ['x', '3', '3', 'sys', '/dev', '/usr/sbin/nologin']}) 
skipping: [localhost] => (item={'key': 'sync', 'value': ['x', '4', '65534', 'sync', '/bin', '/bin/sync']}) 
skipping: [localhost] => (item={'key': 'games', 'value': ['x', '5', '60', 'games', '/usr/games', '/usr/sbin/nologin']}) 
skipping: [localhost] => (item={'key': 'man', 'value': ['x', '6', '12', 'man', '/var/cache/man', '/usr/sbin/nologin']}) 
skipping: [localhost] => (item={'key': 'lp', 'value': ['x', '7', '7', 'lp', '/var/spool/lpd', '/usr/sbin/nologin']}) 
skipping: [localhost] => (item={'key': 'mail', 'value': ['x', '8', '8', 'mail', '/var/mail', '/usr/sbin/nologin']}) 
skipping: [localhost] => (item={'key': 'news', 'value': ['x', '9', '9', 'news', '/var/spool/news', '/usr/sbin/nologin']}) 
skipping: [localhost] => (item={'key': 'uucp', 'value': ['x', '10', '10', 'uucp', '/var/spool/uucp', '/usr/sbin/nologin']}) 
skipping: [localhost] => (item={'key': 'proxy', 'value': ['x', '13', '13', 'proxy', '/bin', '/usr/sbin/nologin']}) 
skipping: [localhost] => (item={'key': 'www-data', 'value': ['x', '33', '33', 'www-data', '/var/www', '/usr/sbin/nologin']}) 
skipping: [localhost] => (item={'key': 'backup', 'value': ['x', '34', '34', 'backup', '/var/backups', '/usr/sbin/nologin']}) 
skipping: [localhost] => (item={'key': 'list', 'value': ['x', '38', '38', 'Mailing List Manager', '/var/list', '/usr/sbin/nologin']}) 
skipping: [localhost] => (item={'key': 'irc', 'value': ['x', '39', '39', 'ircd', '/run/ircd', '/usr/sbin/nologin']}) 
skipping: [localhost] => (item={'key': '_apt', 'value': ['x', '42', '65534', '', '/nonexistent', '/usr/sbin/nologin']}) 
skipping: [localhost] => (item={'key': 'nobody', 'value': ['x', '65534', '65534', 'nobody', '/nonexistent', '/usr/sbin/nologin']}) 
skipping: [localhost]

TASK [/stigforge/roles/debian12_cis : Ensure interactive local users have proper permissions on their respective home directories] ***
skipping: [localhost] => (item=[{'key': 'root', 'value': ['x', '0', '0', 'root', '/root', '/bin/bash']}, {'changed': False, 'skipped': True, 'skip_reason': 'Conditional result was False', 'false_condition': 'item.value[1]|int >= 1000', 'item': {'key': 'root', 'value': ['x', '0', '0', 'root', '/root', '/bin/bash']}, 'ansible_loop_var': 'item'}]) 
skipping: [localhost] => (item=[{'key': 'daemon', 'value': ['x', '1', '1', 'daemon', '/usr/sbin', '/usr/sbin/nologin']}, {'changed': False, 'skipped': True, 'skip_reason': 'Conditional result was False', 'false_condition': 'item.value[1]|int >= 1000', 'item': {'key': 'daemon', 'value': ['x', '1', '1', 'daemon', '/usr/sbin', '/usr/sbin/nologin']}, 'ansible_loop_var': 'item'}]) 
skipping: [localhost] => (item=[{'key': 'bin', 'value': ['x', '2', '2', 'bin', '/bin', '/usr/sbin/nologin']}, {'changed': False, 'skipped': True, 'skip_reason': 'Conditional result was False', 'false_condition': 'item.value[1]|int >= 1000', 'item': {'key': 'bin', 'value': ['x', '2', '2', 'bin', '/bin', '/usr/sbin/nologin']}, 'ansible_loop_var': 'item'}]) 
skipping: [localhost] => (item=[{'key': 'sys', 'value': ['x', '3', '3', 'sys', '/dev', '/usr/sbin/nologin']}, {'changed': False, 'skipped': True, 'skip_reason': 'Conditional result was False', 'false_condition': 'item.value[1]|int >= 1000', 'item': {'key': 'sys', 'value': ['x', '3', '3', 'sys', '/dev', '/usr/sbin/nologin']}, 'ansible_loop_var': 'item'}]) 
skipping: [localhost] => (item=[{'key': 'sync', 'value': ['x', '4', '65534', 'sync', '/bin', '/bin/sync']}, {'changed': False, 'skipped': True, 'skip_reason': 'Conditional result was False', 'false_condition': 'item.value[1]|int >= 1000', 'item': {'key': 'sync', 'value': ['x', '4', '65534', 'sync', '/bin', '/bin/sync']}, 'ansible_loop_var': 'item'}]) 
skipping: [localhost] => (item=[{'key': 'games', 'value': ['x', '5', '60', 'games', '/usr/games', '/usr/sbin/nologin']}, {'changed': False, 'skipped': True, 'skip_reason': 'Conditional result was False', 'false_condition': 'item.value[1]|int >= 1000', 'item': {'key': 'games', 'value': ['x', '5', '60', 'games', '/usr/games', '/usr/sbin/nologin']}, 'ansible_loop_var': 'item'}]) 
skipping: [localhost] => (item=[{'key': 'man', 'value': ['x', '6', '12', 'man', '/var/cache/man', '/usr/sbin/nologin']}, {'changed': False, 'skipped': True, 'skip_reason': 'Conditional result was False', 'false_condition': 'item.value[1]|int >= 1000', 'item': {'key': 'man', 'value': ['x', '6', '12', 'man', '/var/cache/man', '/usr/sbin/nologin']}, 'ansible_loop_var': 'item'}]) 
skipping: [localhost] => (item=[{'key': 'lp', 'value': ['x', '7', '7', 'lp', '/var/spool/lpd', '/usr/sbin/nologin']}, {'changed': False, 'skipped': True, 'skip_reason': 'Conditional result was False', 'false_condition': 'item.value[1]|int >= 1000', 'item': {'key': 'lp', 'value': ['x', '7', '7', 'lp', '/var/spool/lpd', '/usr/sbin/nologin']}, 'ansible_loop_var': 'item'}]) 
skipping: [localhost] => (item=[{'key': 'mail', 'value': ['x', '8', '8', 'mail', '/var/mail', '/usr/sbin/nologin']}, {'changed': False, 'skipped': True, 'skip_reason': 'Conditional result was False', 'false_condition': 'item.value[1]|int >= 1000', 'item': {'key': 'mail', 'value': ['x', '8', '8', 'mail', '/var/mail', '/usr/sbin/nologin']}, 'ansible_loop_var': 'item'}]) 
skipping: [localhost] => (item=[{'key': 'news', 'value': ['x', '9', '9', 'news', '/var/spool/news', '/usr/sbin/nologin']}, {'changed': False, 'skipped': True, 'skip_reason': 'Conditional result was False', 'false_condition': 'item.value[1]|int >= 1000', 'item': {'key': 'news', 'value': ['x', '9', '9', 'news', '/var/spool/news', '/usr/sbin/nologin']}, 'ansible_loop_var': 'item'}]) 
skipping: [localhost] => (item=[{'key': 'uucp', 'value': ['x', '10', '10', 'uucp', '/var/spool/uucp', '/usr/sbin/nologin']}, {'changed': False, 'skipped': True, 'skip_reason': 'Conditional result was False', 'false_condition': 'item.value[1]|int >= 1000', 'item': {'key': 'uucp', 'value': ['x', '10', '10', 'uucp', '/var/spool/uucp', '/usr/sbin/nologin']}, 'ansible_loop_var': 'item'}]) 
skipping: [localhost] => (item=[{'key': 'proxy', 'value': ['x', '13', '13', 'proxy', '/bin', '/usr/sbin/nologin']}, {'changed': False, 'skipped': True, 'skip_reason': 'Conditional result was False', 'false_condition': 'item.value[1]|int >= 1000', 'item': {'key': 'proxy', 'value': ['x', '13', '13', 'proxy', '/bin', '/usr/sbin/nologin']}, 'ansible_loop_var': 'item'}]) 
skipping: [localhost] => (item=[{'key': 'www-data', 'value': ['x', '33', '33', 'www-data', '/var/www', '/usr/sbin/nologin']}, {'changed': False, 'skipped': True, 'skip_reason': 'Conditional result was False', 'false_condition': 'item.value[1]|int >= 1000', 'item': {'key': 'www-data', 'value': ['x', '33', '33', 'www-data', '/var/www', '/usr/sbin/nologin']}, 'ansible_loop_var': 'item'}]) 
skipping: [localhost] => (item=[{'key': 'backup', 'value': ['x', '34', '34', 'backup', '/var/backups', '/usr/sbin/nologin']}, {'changed': False, 'skipped': True, 'skip_reason': 'Conditional result was False', 'false_condition': 'item.value[1]|int >= 1000', 'item': {'key': 'backup', 'value': ['x', '34', '34', 'backup', '/var/backups', '/usr/sbin/nologin']}, 'ansible_loop_var': 'item'}]) 
skipping: [localhost] => (item=[{'key': 'list', 'value': ['x', '38', '38', 'Mailing List Manager', '/var/list', '/usr/sbin/nologin']}, {'changed': False, 'skipped': True, 'skip_reason': 'Conditional result was False', 'false_condition': 'item.value[1]|int >= 1000', 'item': {'key': 'list', 'value': ['x', '38', '38', 'Mailing List Manager', '/var/list', '/usr/sbin/nologin']}, 'ansible_loop_var': 'item'}]) 
skipping: [localhost] => (item=[{'key': 'irc', 'value': ['x', '39', '39', 'ircd', '/run/ircd', '/usr/sbin/nologin']}, {'changed': False, 'skipped': True, 'skip_reason': 'Conditional result was False', 'false_condition': 'item.value[1]|int >= 1000', 'item': {'key': 'irc', 'value': ['x', '39', '39', 'ircd', '/run/ircd', '/usr/sbin/nologin']}, 'ansible_loop_var': 'item'}]) 
skipping: [localhost] => (item=[{'key': '_apt', 'value': ['x', '42', '65534', '', '/nonexistent', '/usr/sbin/nologin']}, {'changed': False, 'skipped': True, 'skip_reason': 'Conditional result was False', 'false_condition': 'item.value[1]|int >= 1000', 'item': {'key': '_apt', 'value': ['x', '42', '65534', '', '/nonexistent', '/usr/sbin/nologin']}, 'ansible_loop_var': 'item'}]) 
skipping: [localhost] => (item=[{'key': 'nobody', 'value': ['x', '65534', '65534', 'nobody', '/nonexistent', '/usr/sbin/nologin']}, {'changed': False, 'skipped': True, 'skip_reason': 'Conditional result was False', 'false_condition': 'item.value[1]|int != 65534', 'item': {'key': 'nobody', 'value': ['x', '65534', '65534', 'nobody', '/nonexistent', '/usr/sbin/nologin']}, 'ansible_loop_var': 'item'}]) 
skipping: [localhost]

TASK [/stigforge/roles/debian12_cis : Check if umask in /etc/bash.bashrc is already set] ***
ok: [localhost]

TASK [/stigforge/roles/debian12_cis : Replace user umask in /etc/bash.bashrc] ***
skipping: [localhost]

TASK [/stigforge/roles/debian12_cis : Ensure the Default umask is Appended Correctly] ***
changed: [localhost]

TASK [/stigforge/roles/debian12_cis : Set default umask] ***********************
skipping: [localhost]

TASK [/stigforge/roles/debian12_cis : Replace user UMASK in /etc/login.defs] ***
skipping: [localhost]

TASK [/stigforge/roles/debian12_cis : Ensure the Default UMASK is Appended Correctly] ***
skipping: [localhost]

TASK [/stigforge/roles/debian12_cis : Ensure the Default Umask is Set Correctly in /etc/profile - Locate Profile Configuration Files Where umask Is Defined] ***
ok: [localhost]

TASK [/stigforge/roles/debian12_cis : Ensure the Default Umask is Set Correctly in /etc/profile - Replace Existing umask Value in Files From /etc/profile.d] ***
skipping: [localhost]

TASK [/stigforge/roles/debian12_cis : Ensure the Default Umask is Set Correctly in /etc/profile - Ensure umask Is Set in /etc/profile if Not Already Set Elsewhere] ***
changed: [localhost]

TASK [/stigforge/roles/debian12_cis : Ensure the Default Umask is Set Correctly in /etc/profile - Ensure umask Value For All Existing umask Definition in /etc/profile] ***
ok: [localhost]

TASK [/stigforge/roles/debian12_cis : Set the file_owner_grub2_cfg_newown variable if represented by uid] ***
skipping: [localhost]

TASK [/stigforge/roles/debian12_cis : Test for existence /boot/grub/grub.cfg] ***
skipping: [localhost]

TASK [/stigforge/roles/debian12_cis : Ensure owner on /boot/grub/grub.cfg] *****
skipping: [localhost]

TASK [/stigforge/roles/debian12_cis : Test for existence /boot/grub/grub.cfg] ***
skipping: [localhost]

TASK [/stigforge/roles/debian12_cis : Ensure permission u-xs,g-xwrs,o-xwrt on /boot/grub/grub.cfg] ***
skipping: [localhost]

TASK [/stigforge/roles/debian12_cis : Ensure rsyslog Default File Permissions Configured - Search for $FileCreateMode Parameter in rsyslog Main Config File] ***
skipping: [localhost]

TASK [/stigforge/roles/debian12_cis : Ensure rsyslog Default File Permissions Configured - Search for $FileCreateMode Parameter in rsyslog Include Files] ***
skipping: [localhost]

TASK [/stigforge/roles/debian12_cis : Ensure rsyslog Default File Permissions Configured - Assemble List of rsyslog Configuration Files with $FileCreateMode Parameter] ***
skipping: [localhost]

TASK [/stigforge/roles/debian12_cis : Ensure rsyslog Default File Permissions Configured - Remove $FileCreateMode Parameter from Multiple Files to Avoid Conflicts] ***
skipping: [localhost]

TASK [/stigforge/roles/debian12_cis : Ensure rsyslog Default File Permissions Configured - Add $FileCreateMode Parameter and Expected Value] ***
skipping: [localhost]

TASK [/stigforge/roles/debian12_cis : Ensure rsyslog Default File Permissions Configured - Ensure Correct Value of Existing $FileCreateMode Parameter] ***
skipping: [localhost]

TASK [/stigforge/roles/debian12_cis : Ensure rsyslog Default File Permissions Configured - Restart rsyslog to Apply New $FileCreateMode Setting] ***
skipping: [localhost]

TASK [/stigforge/roles/debian12_cis : Check for duplicate values] **************
skipping: [localhost]

TASK [/stigforge/roles/debian12_cis : Deduplicate values from /etc/systemd/journald.conf] ***
skipping: [localhost]

TASK [/stigforge/roles/debian12_cis : Insert correct line to /etc/systemd/journald.conf] ***
skipping: [localhost]

TASK [/stigforge/roles/debian12_cis : Check for duplicate values] **************
skipping: [localhost]

TASK [/stigforge/roles/debian12_cis : Deduplicate values from /etc/systemd/journald.conf] ***
skipping: [localhost]

TASK [/stigforge/roles/debian12_cis : Insert correct line to /etc/systemd/journald.conf] ***
skipping: [localhost]

TASK [/stigforge/roles/debian12_cis : Check for duplicate values] **************
skipping: [localhost]

TASK [/stigforge/roles/debian12_cis : Deduplicate values from /etc/systemd/journald.conf] ***
skipping: [localhost]

TASK [/stigforge/roles/debian12_cis : Insert correct line to /etc/systemd/journald.conf] ***
skipping: [localhost]

TASK [/stigforge/roles/debian12_cis : Check for duplicate values] **************
skipping: [localhost]

TASK [/stigforge/roles/debian12_cis : Deduplicate values from /etc/systemd/journald.conf] ***
skipping: [localhost]

TASK [/stigforge/roles/debian12_cis : Insert correct line to /etc/systemd/journald.conf] ***
skipping: [localhost]

TASK [/stigforge/roles/debian12_cis : Disable systemd-journal-remote Socket - Collect systemd Socket Units Present in the System] ***
skipping: [localhost]

TASK [/stigforge/roles/debian12_cis : Disable systemd-journal-remote Socket - Ensure systemd-journal-remote.socket is Masked] ***
skipping: [localhost]

TASK [/stigforge/roles/debian12_cis : Ensure rsyslog Does Not Accept Remote Messages Unless Acting As Log Server - Define Rsyslog Config Lines Regex in Legacy Syntax] ***
skipping: [localhost]

TASK [/stigforge/roles/debian12_cis : Ensure rsyslog Does Not Accept Remote Messages Unless Acting As Log Server - Search for Legacy Config Lines in Rsyslog Main Config File] ***
skipping: [localhost]

TASK [/stigforge/roles/debian12_cis : Ensure rsyslog Does Not Accept Remote Messages Unless Acting As Log Server - Search for Legacy Config Lines in Rsyslog Include Files] ***
skipping: [localhost]

TASK [/stigforge/roles/debian12_cis : Ensure rsyslog Does Not Accept Remote Messages Unless Acting As Log Server - Assemble List of Config Files With Listen Lines in Legacy Syntax] ***
skipping: [localhost]

TASK [/stigforge/roles/debian12_cis : Ensure rsyslog Does Not Accept Remote Messages Unless Acting As Log Server - Comment Listen Config Lines Wherever Defined Using Legacy Syntax] ***
skipping: [localhost]

TASK [/stigforge/roles/debian12_cis : Ensure rsyslog Does Not Accept Remote Messages Unless Acting As Log Server - Define Rsyslog Config Lines Regex in RainerScript Syntax] ***
skipping: [localhost]

TASK [/stigforge/roles/debian12_cis : Ensure rsyslog Does Not Accept Remote Messages Unless Acting As Log Server - Search for RainerScript Config Lines in Rsyslog Main Config File] ***
skipping: [localhost]

TASK [/stigforge/roles/debian12_cis : Ensure rsyslog Does Not Accept Remote Messages Unless Acting As Log Server - Search for RainerScript Config Lines in Rsyslog Include Files] ***
skipping: [localhost]

TASK [/stigforge/roles/debian12_cis : Ensure rsyslog Does Not Accept Remote Messages Unless Acting As Log Server - Assemble List of Config Files With Listen Lines in RainerScript] ***
skipping: [localhost]

TASK [/stigforge/roles/debian12_cis : Ensure rsyslog Does Not Accept Remote Messages Unless Acting As Log Server - Comment Listen Config Lines Wherever Defined Using RainerScript] ***
skipping: [localhost]

TASK [/stigforge/roles/debian12_cis : Ensure rsyslog Does Not Accept Remote Messages Unless Acting As Log Server - Restart Rsyslog if Any Line Were Commented Out] ***
skipping: [localhost]

TASK [/stigforge/roles/debian12_cis : Configure Accepting Router Advertisements on All IPv6 Interfaces - Set fact for sysctl paths] ***
skipping: [localhost]

TASK [/stigforge/roles/debian12_cis : Configure Accepting Router Advertisements on All IPv6 Interfaces - Find all files that contain net.ipv6.conf.all.accept_ra] ***
skipping: [localhost]

TASK [/stigforge/roles/debian12_cis : Configure Accepting Router Advertisements on All IPv6 Interfaces - Find all files that set net.ipv6.conf.all.accept_ra to correct value] ***
skipping: [localhost]

TASK [/stigforge/roles/debian12_cis : Configure Accepting Router Advertisements on All IPv6 Interfaces - Comment out any occurrences of net.ipv6.conf.all.accept_ra from config files] ***
skipping: [localhost]

TASK [/stigforge/roles/debian12_cis : Configure Accepting Router Advertisements on All IPv6 Interfaces - Ensure sysctl net.ipv6.conf.all.accept_ra is set] ***
skipping: [localhost]

TASK [/stigforge/roles/debian12_cis : Disable Accepting ICMP Redirects for All IPv6 Interfaces - Set fact for sysctl paths] ***
skipping: [localhost]

TASK [/stigforge/roles/debian12_cis : Disable Accepting ICMP Redirects for All IPv6 Interfaces - Find all files that contain net.ipv6.conf.all.accept_redirects] ***
skipping: [localhost]

TASK [/stigforge/roles/debian12_cis : Disable Accepting ICMP Redirects for All IPv6 Interfaces - Find all files that set net.ipv6.conf.all.accept_redirects to correct value] ***
skipping: [localhost]

TASK [/stigforge/roles/debian12_cis : Disable Accepting ICMP Redirects for All IPv6 Interfaces - Comment out any occurrences of net.ipv6.conf.all.accept_redirects from config files] ***
skipping: [localhost]

TASK [/stigforge/roles/debian12_cis : Disable Accepting ICMP Redirects for All IPv6 Interfaces - Ensure sysctl net.ipv6.conf.all.accept_redirects is set] ***
skipping: [localhost]

TASK [/stigforge/roles/debian12_cis : Disable Kernel Parameter for Accepting Source-Routed Packets on all IPv6 Interfaces - Set fact for sysctl paths] ***
skipping: [localhost]

TASK [/stigforge/roles/debian12_cis : Disable Kernel Parameter for Accepting Source-Routed Packets on all IPv6 Interfaces - Find all files that contain net.ipv6.conf.all.accept_source_route] ***
skipping: [localhost]

TASK [/stigforge/roles/debian12_cis : Disable Kernel Parameter for Accepting Source-Routed Packets on all IPv6 Interfaces - Find all files that set net.ipv6.conf.all.accept_source_route to correct value] ***
skipping: [localhost]

TASK [/stigforge/roles/debian12_cis : Disable Kernel Parameter for Accepting Source-Routed Packets on all IPv6 Interfaces - Comment out any occurrences of net.ipv6.conf.all.accept_source_route from config files] ***
skipping: [localhost]

TASK [/stigforge/roles/debian12_cis : Disable Kernel Parameter for Accepting Source-Routed Packets on all IPv6 Interfaces - Ensure sysctl net.ipv6.conf.all.accept_source_route is set] ***
skipping: [localhost]

TASK [/stigforge/roles/debian12_cis : Disable Kernel Parameter for IPv6 Forwarding - Set fact for sysctl paths] ***
skipping: [localhost]

TASK [/stigforge/roles/debian12_cis : Disable Kernel Parameter for IPv6 Forwarding - Find all files that contain net.ipv6.conf.all.forwarding] ***
skipping: [localhost]

TASK [/stigforge/roles/debian12_cis : Disable Kernel Parameter for IPv6 Forwarding - Find all files that set net.ipv6.conf.all.forwarding to correct value] ***
skipping: [localhost]

TASK [/stigforge/roles/debian12_cis : Disable Kernel Parameter for IPv6 Forwarding - Comment out any occurrences of net.ipv6.conf.all.forwarding from config files] ***
skipping: [localhost]

TASK [/stigforge/roles/debian12_cis : Disable Kernel Parameter for IPv6 Forwarding - Ensure sysctl net.ipv6.conf.all.forwarding is set] ***
skipping: [localhost]

TASK [/stigforge/roles/debian12_cis : Disable Accepting Router Advertisements on all IPv6 Interfaces by Default - Set fact for sysctl paths] ***
skipping: [localhost]

TASK [/stigforge/roles/debian12_cis : Disable Accepting Router Advertisements on all IPv6 Interfaces by Default - Find all files that contain net.ipv6.conf.default.accept_ra] ***
skipping: [localhost]

TASK [/stigforge/roles/debian12_cis : Disable Accepting Router Advertisements on all IPv6 Interfaces by Default - Find all files that set net.ipv6.conf.default.accept_ra to correct value] ***
skipping: [localhost]

TASK [/stigforge/roles/debian12_cis : Disable Accepting Router Advertisements on all IPv6 Interfaces by Default - Comment out any occurrences of net.ipv6.conf.default.accept_ra from config files] ***
skipping: [localhost]

TASK [/stigforge/roles/debian12_cis : Disable Accepting Router Advertisements on all IPv6 Interfaces by Default - Ensure sysctl net.ipv6.conf.default.accept_ra is set] ***
skipping: [localhost]

TASK [/stigforge/roles/debian12_cis : Disable Kernel Parameter for Accepting ICMP Redirects by Default on IPv6 Interfaces - Set fact for sysctl paths] ***
skipping: [localhost]

TASK [/stigforge/roles/debian12_cis : Disable Kernel Parameter for Accepting ICMP Redirects by Default on IPv6 Interfaces - Find all files that contain net.ipv6.conf.default.accept_redirects] ***
skipping: [localhost]

TASK [/stigforge/roles/debian12_cis : Disable Kernel Parameter for Accepting ICMP Redirects by Default on IPv6 Interfaces - Find all files that set net.ipv6.conf.default.accept_redirects to correct value] ***
skipping: [localhost]

TASK [/stigforge/roles/debian12_cis : Disable Kernel Parameter for Accepting ICMP Redirects by Default on IPv6 Interfaces - Comment out any occurrences of net.ipv6.conf.default.accept_redirects from config files] ***
skipping: [localhost]

TASK [/stigforge/roles/debian12_cis : Disable Kernel Parameter for Accepting ICMP Redirects by Default on IPv6 Interfaces - Ensure sysctl net.ipv6.conf.default.accept_redirects is set] ***
skipping: [localhost]

TASK [/stigforge/roles/debian12_cis : Disable Kernel Parameter for Accepting Source-Routed Packets on IPv6 Interfaces by Default - Set fact for sysctl paths] ***
skipping: [localhost]

TASK [/stigforge/roles/debian12_cis : Disable Kernel Parameter for Accepting Source-Routed Packets on IPv6 Interfaces by Default - Find all files that contain net.ipv6.conf.default.accept_source_route] ***
skipping: [localhost]

TASK [/stigforge/roles/debian12_cis : Disable Kernel Parameter for Accepting Source-Routed Packets on IPv6 Interfaces by Default - Find all files that set net.ipv6.conf.default.accept_source_route to correct value] ***
skipping: [localhost]

TASK [/stigforge/roles/debian12_cis : Disable Kernel Parameter for Accepting Source-Routed Packets on IPv6 Interfaces by Default - Comment out any occurrences of net.ipv6.conf.default.accept_source_route from config files] ***
skipping: [localhost]

TASK [/stigforge/roles/debian12_cis : Disable Kernel Parameter for Accepting Source-Routed Packets on IPv6 Interfaces by Default - Ensure sysctl net.ipv6.conf.default.accept_source_route is set] ***
skipping: [localhost]

TASK [/stigforge/roles/debian12_cis : Disable Accepting ICMP Redirects for All IPv4 Interfaces - Set fact for sysctl paths] ***
skipping: [localhost]

TASK [/stigforge/roles/debian12_cis : Disable Accepting ICMP Redirects for All IPv4 Interfaces - Find all files that contain net.ipv4.conf.all.accept_redirects] ***
skipping: [localhost]

TASK [/stigforge/roles/debian12_cis : Disable Accepting ICMP Redirects for All IPv4 Interfaces - Find all files that set net.ipv4.conf.all.accept_redirects to correct value] ***
skipping: [localhost]

TASK [/stigforge/roles/debian12_cis : Disable Accepting ICMP Redirects for All IPv4 Interfaces - Comment out any occurrences of net.ipv4.conf.all.accept_redirects from config files] ***
skipping: [localhost]

TASK [/stigforge/roles/debian12_cis : Disable Accepting ICMP Redirects for All IPv4 Interfaces - Ensure sysctl net.ipv4.conf.all.accept_redirects is set] ***
skipping: [localhost]

TASK [/stigforge/roles/debian12_cis : Disable Kernel Parameter for Accepting Source-Routed Packets on all IPv4 Interfaces - Set fact for sysctl paths] ***
skipping: [localhost]

TASK [/stigforge/roles/debian12_cis : Disable Kernel Parameter for Accepting Source-Routed Packets on all IPv4 Interfaces - Find all files that contain net.ipv4.conf.all.accept_source_route] ***
skipping: [localhost]

TASK [/stigforge/roles/debian12_cis : Disable Kernel Parameter for Accepting Source-Routed Packets on all IPv4 Interfaces - Find all files that set net.ipv4.conf.all.accept_source_route to correct value] ***
skipping: [localhost]

TASK [/stigforge/roles/debian12_cis : Disable Kernel Parameter for Accepting Source-Routed Packets on all IPv4 Interfaces - Comment out any occurrences of net.ipv4.conf.all.accept_source_route from config files] ***
skipping: [localhost]

TASK [/stigforge/roles/debian12_cis : Disable Kernel Parameter for Accepting Source-Routed Packets on all IPv4 Interfaces - Ensure sysctl net.ipv4.conf.all.accept_source_route is set] ***
skipping: [localhost]

TASK [/stigforge/roles/debian12_cis : Enable Kernel Parameter to Log Martian Packets on all IPv4 Interfaces - Set fact for sysctl paths] ***
skipping: [localhost]

TASK [/stigforge/roles/debian12_cis : Enable Kernel Parameter to Log Martian Packets on all IPv4 Interfaces - Find all files that contain net.ipv4.conf.all.log_martians] ***
skipping: [localhost]

TASK [/stigforge/roles/debian12_cis : Enable Kernel Parameter to Log Martian Packets on all IPv4 Interfaces - Find all files that set net.ipv4.conf.all.log_martians to correct value] ***
skipping: [localhost]

TASK [/stigforge/roles/debian12_cis : Enable Kernel Parameter to Log Martian Packets on all IPv4 Interfaces - Comment out any occurrences of net.ipv4.conf.all.log_martians from config files] ***
skipping: [localhost]

TASK [/stigforge/roles/debian12_cis : Enable Kernel Parameter to Log Martian Packets on all IPv4 Interfaces - Ensure sysctl net.ipv4.conf.all.log_martians is set] ***
skipping: [localhost]

TASK [/stigforge/roles/debian12_cis : Enable Kernel Parameter to Use Reverse Path Filtering on all IPv4 Interfaces - Set fact for sysctl paths] ***
skipping: [localhost]

TASK [/stigforge/roles/debian12_cis : Enable Kernel Parameter to Use Reverse Path Filtering on all IPv4 Interfaces - Find all files that contain net.ipv4.conf.all.rp_filter] ***
skipping: [localhost]

TASK [/stigforge/roles/debian12_cis : Enable Kernel Parameter to Use Reverse Path Filtering on all IPv4 Interfaces - Find all files that set net.ipv4.conf.all.rp_filter to correct value] ***
skipping: [localhost]

TASK [/stigforge/roles/debian12_cis : Enable Kernel Parameter to Use Reverse Path Filtering on all IPv4 Interfaces - Comment out any occurrences of net.ipv4.conf.all.rp_filter from config files] ***
skipping: [localhost]

TASK [/stigforge/roles/debian12_cis : Enable Kernel Parameter to Use Reverse Path Filtering on all IPv4 Interfaces - Ensure sysctl net.ipv4.conf.all.rp_filter is set] ***
skipping: [localhost]

TASK [/stigforge/roles/debian12_cis : Disable Kernel Parameter for Accepting Secure ICMP Redirects on all IPv4 Interfaces - Set fact for sysctl paths] ***
skipping: [localhost]

TASK [/stigforge/roles/debian12_cis : Disable Kernel Parameter for Accepting Secure ICMP Redirects on all IPv4 Interfaces - Find all files that contain net.ipv4.conf.all.secure_redirects] ***
skipping: [localhost]

TASK [/stigforge/roles/debian12_cis : Disable Kernel Parameter for Accepting Secure ICMP Redirects on all IPv4 Interfaces - Find all files that set net.ipv4.conf.all.secure_redirects to correct value] ***
skipping: [localhost]

TASK [/stigforge/roles/debian12_cis : Disable Kernel Parameter for Accepting Secure ICMP Redirects on all IPv4 Interfaces - Comment out any occurrences of net.ipv4.conf.all.secure_redirects from config files] ***
skipping: [localhost]

TASK [/stigforge/roles/debian12_cis : Disable Kernel Parameter for Accepting Secure ICMP Redirects on all IPv4 Interfaces - Ensure sysctl net.ipv4.conf.all.secure_redirects is set] ***
skipping: [localhost]

TASK [/stigforge/roles/debian12_cis : Disable Kernel Parameter for Accepting ICMP Redirects by Default on IPv4 Interfaces - Set fact for sysctl paths] ***
skipping: [localhost]

TASK [/stigforge/roles/debian12_cis : Disable Kernel Parameter for Accepting ICMP Redirects by Default on IPv4 Interfaces - Find all files that contain net.ipv4.conf.default.accept_redirects] ***
skipping: [localhost]

TASK [/stigforge/roles/debian12_cis : Disable Kernel Parameter for Accepting ICMP Redirects by Default on IPv4 Interfaces - Find all files that set net.ipv4.conf.default.accept_redirects to correct value] ***
skipping: [localhost]

TASK [/stigforge/roles/debian12_cis : Disable Kernel Parameter for Accepting ICMP Redirects by Default on IPv4 Interfaces - Comment out any occurrences of net.ipv4.conf.default.accept_redirects from config files] ***
skipping: [localhost]

TASK [/stigforge/roles/debian12_cis : Disable Kernel Parameter for Accepting ICMP Redirects by Default on IPv4 Interfaces - Ensure sysctl net.ipv4.conf.default.accept_redirects is set] ***
skipping: [localhost]

TASK [/stigforge/roles/debian12_cis : Disable Kernel Parameter for Accepting Source-Routed Packets on IPv4 Interfaces by Default - Set fact for sysctl paths] ***
skipping: [localhost]

TASK [/stigforge/roles/debian12_cis : Disable Kernel Parameter for Accepting Source-Routed Packets on IPv4 Interfaces by Default - Find all files that contain net.ipv4.conf.default.accept_source_route] ***
skipping: [localhost]

TASK [/stigforge/roles/debian12_cis : Disable Kernel Parameter for Accepting Source-Routed Packets on IPv4 Interfaces by Default - Find all files that set net.ipv4.conf.default.accept_source_route to correct value] ***
skipping: [localhost]

TASK [/stigforge/roles/debian12_cis : Disable Kernel Parameter for Accepting Source-Routed Packets on IPv4 Interfaces by Default - Comment out any occurrences of net.ipv4.conf.default.accept_source_route from config files] ***
skipping: [localhost]

TASK [/stigforge/roles/debian12_cis : Disable Kernel Parameter for Accepting Source-Routed Packets on IPv4 Interfaces by Default - Ensure sysctl net.ipv4.conf.default.accept_source_route is set] ***
skipping: [localhost]

TASK [/stigforge/roles/debian12_cis : Enable Kernel Parameter to Log Martian Packets on all IPv4 Interfaces by Default - Set fact for sysctl paths] ***
skipping: [localhost]

TASK [/stigforge/roles/debian12_cis : Enable Kernel Parameter to Log Martian Packets on all IPv4 Interfaces by Default - Find all files that contain net.ipv4.conf.default.log_martians] ***
skipping: [localhost]

TASK [/stigforge/roles/debian12_cis : Enable Kernel Parameter to Log Martian Packets on all IPv4 Interfaces by Default - Find all files that set net.ipv4.conf.default.log_martians to correct value] ***
skipping: [localhost]

TASK [/stigforge/roles/debian12_cis : Enable Kernel Parameter to Log Martian Packets on all IPv4 Interfaces by Default - Comment out any occurrences of net.ipv4.conf.default.log_martians from config files] ***
skipping: [localhost]

TASK [/stigforge/roles/debian12_cis : Enable Kernel Parameter to Log Martian Packets on all IPv4 Interfaces by Default - Ensure sysctl net.ipv4.conf.default.log_martians is set] ***
skipping: [localhost]

TASK [/stigforge/roles/debian12_cis : Enable Kernel Parameter to Use Reverse Path Filtering on all IPv4 Interfaces by Default - Set fact for sysctl paths] ***
skipping: [localhost]

TASK [/stigforge/roles/debian12_cis : Enable Kernel Parameter to Use Reverse Path Filtering on all IPv4 Interfaces by Default - Find all files that contain net.ipv4.conf.default.rp_filter] ***
skipping: [localhost]

TASK [/stigforge/roles/debian12_cis : Enable Kernel Parameter to Use Reverse Path Filtering on all IPv4 Interfaces by Default - Find all files that set net.ipv4.conf.default.rp_filter to correct value] ***
skipping: [localhost]

TASK [/stigforge/roles/debian12_cis : Enable Kernel Parameter to Use Reverse Path Filtering on all IPv4 Interfaces by Default - Comment out any occurrences of net.ipv4.conf.default.rp_filter from config files] ***
skipping: [localhost]

TASK [/stigforge/roles/debian12_cis : Enable Kernel Parameter to Use Reverse Path Filtering on all IPv4 Interfaces by Default - Ensure sysctl net.ipv4.conf.default.rp_filter is set] ***
skipping: [localhost]

TASK [/stigforge/roles/debian12_cis : Configure Kernel Parameter for Accepting Secure Redirects By Default - Set fact for sysctl paths] ***
skipping: [localhost]

TASK [/stigforge/roles/debian12_cis : Configure Kernel Parameter for Accepting Secure Redirects By Default - Find all files that contain net.ipv4.conf.default.secure_redirects] ***
skipping: [localhost]

TASK [/stigforge/roles/debian12_cis : Configure Kernel Parameter for Accepting Secure Redirects By Default - Find all files that set net.ipv4.conf.default.secure_redirects to correct value] ***
skipping: [localhost]

TASK [/stigforge/roles/debian12_cis : Configure Kernel Parameter for Accepting Secure Redirects By Default - Comment out any occurrences of net.ipv4.conf.default.secure_redirects from config files] ***
skipping: [localhost]

TASK [/stigforge/roles/debian12_cis : Configure Kernel Parameter for Accepting Secure Redirects By Default - Ensure sysctl net.ipv4.conf.default.secure_redirects is set] ***
skipping: [localhost]

TASK [/stigforge/roles/debian12_cis : Enable Kernel Parameter to Ignore ICMP Broadcast Echo Requests on IPv4 Interfaces - Set fact for sysctl paths] ***
skipping: [localhost]

TASK [/stigforge/roles/debian12_cis : Enable Kernel Parameter to Ignore ICMP Broadcast Echo Requests on IPv4 Interfaces - Find all files that contain net.ipv4.icmp_echo_ignore_broadcasts] ***
skipping: [localhost]

TASK [/stigforge/roles/debian12_cis : Enable Kernel Parameter to Ignore ICMP Broadcast Echo Requests on IPv4 Interfaces - Find all files that set net.ipv4.icmp_echo_ignore_broadcasts to correct value] ***
skipping: [localhost]

TASK [/stigforge/roles/debian12_cis : Enable Kernel Parameter to Ignore ICMP Broadcast Echo Requests on IPv4 Interfaces - Comment out any occurrences of net.ipv4.icmp_echo_ignore_broadcasts from config files] ***
skipping: [localhost]

TASK [/stigforge/roles/debian12_cis : Enable Kernel Parameter to Ignore ICMP Broadcast Echo Requests on IPv4 Interfaces - Ensure sysctl net.ipv4.icmp_echo_ignore_broadcasts is set] ***
skipping: [localhost]

TASK [/stigforge/roles/debian12_cis : Enable Kernel Parameter to Ignore Bogus ICMP Error Responses on IPv4 Interfaces - Set fact for sysctl paths] ***
skipping: [localhost]

TASK [/stigforge/roles/debian12_cis : Enable Kernel Parameter to Ignore Bogus ICMP Error Responses on IPv4 Interfaces - Find all files that contain net.ipv4.icmp_ignore_bogus_error_responses] ***
skipping: [localhost]

TASK [/stigforge/roles/debian12_cis : Enable Kernel Parameter to Ignore Bogus ICMP Error Responses on IPv4 Interfaces - Find all files that set net.ipv4.icmp_ignore_bogus_error_responses to correct value] ***
skipping: [localhost]

TASK [/stigforge/roles/debian12_cis : Enable Kernel Parameter to Ignore Bogus ICMP Error Responses on IPv4 Interfaces - Comment out any occurrences of net.ipv4.icmp_ignore_bogus_error_responses from config files] ***
skipping: [localhost]

TASK [/stigforge/roles/debian12_cis : Enable Kernel Parameter to Ignore Bogus ICMP Error Responses on IPv4 Interfaces - Ensure sysctl net.ipv4.icmp_ignore_bogus_error_responses is set] ***
skipping: [localhost]

TASK [/stigforge/roles/debian12_cis : Enable Kernel Parameter to Use TCP Syncookies on Network Interfaces - Set fact for sysctl paths] ***
skipping: [localhost]

TASK [/stigforge/roles/debian12_cis : Enable Kernel Parameter to Use TCP Syncookies on Network Interfaces - Find all files that contain net.ipv4.tcp_syncookies] ***
skipping: [localhost]

TASK [/stigforge/roles/debian12_cis : Enable Kernel Parameter to Use TCP Syncookies on Network Interfaces - Find all files that set net.ipv4.tcp_syncookies to correct value] ***
skipping: [localhost]

TASK [/stigforge/roles/debian12_cis : Enable Kernel Parameter to Use TCP Syncookies on Network Interfaces - Comment out any occurrences of net.ipv4.tcp_syncookies from config files] ***
skipping: [localhost]

TASK [/stigforge/roles/debian12_cis : Enable Kernel Parameter to Use TCP Syncookies on Network Interfaces - Ensure sysctl net.ipv4.tcp_syncookies is set] ***
skipping: [localhost]

TASK [/stigforge/roles/debian12_cis : Disable Kernel Parameter for Sending ICMP Redirects on all IPv4 Interfaces - Set fact for sysctl paths] ***
skipping: [localhost]

TASK [/stigforge/roles/debian12_cis : Disable Kernel Parameter for Sending ICMP Redirects on all IPv4 Interfaces - Find all files that contain net.ipv4.conf.all.send_redirects] ***
skipping: [localhost]

TASK [/stigforge/roles/debian12_cis : Disable Kernel Parameter for Sending ICMP Redirects on all IPv4 Interfaces - Find all files that set net.ipv4.conf.all.send_redirects to correct value] ***
skipping: [localhost]

TASK [/stigforge/roles/debian12_cis : Disable Kernel Parameter for Sending ICMP Redirects on all IPv4 Interfaces - Comment out any occurrences of net.ipv4.conf.all.send_redirects from config files] ***
skipping: [localhost]

TASK [/stigforge/roles/debian12_cis : Disable Kernel Parameter for Sending ICMP Redirects on all IPv4 Interfaces - Ensure sysctl net.ipv4.conf.all.send_redirects is set to 0] ***
skipping: [localhost]

TASK [/stigforge/roles/debian12_cis : Disable Kernel Parameter for Sending ICMP Redirects on all IPv4 Interfaces by Default - Set fact for sysctl paths] ***
skipping: [localhost]

TASK [/stigforge/roles/debian12_cis : Disable Kernel Parameter for Sending ICMP Redirects on all IPv4 Interfaces by Default - Find all files that contain net.ipv4.conf.default.send_redirects] ***
skipping: [localhost]

TASK [/stigforge/roles/debian12_cis : Disable Kernel Parameter for Sending ICMP Redirects on all IPv4 Interfaces by Default - Find all files that set net.ipv4.conf.default.send_redirects to correct value] ***
skipping: [localhost]

TASK [/stigforge/roles/debian12_cis : Disable Kernel Parameter for Sending ICMP Redirects on all IPv4 Interfaces by Default - Comment out any occurrences of net.ipv4.conf.default.send_redirects from config files] ***
skipping: [localhost]

TASK [/stigforge/roles/debian12_cis : Disable Kernel Parameter for Sending ICMP Redirects on all IPv4 Interfaces by Default - Ensure sysctl net.ipv4.conf.default.send_redirects is set to 0] ***
skipping: [localhost]

TASK [/stigforge/roles/debian12_cis : Disable Kernel Parameter for IP Forwarding on IPv4 Interfaces - Set fact for sysctl paths] ***
skipping: [localhost]

TASK [/stigforge/roles/debian12_cis : Disable Kernel Parameter for IP Forwarding on IPv4 Interfaces - Find all files that contain net.ipv4.ip_forward] ***
skipping: [localhost]

TASK [/stigforge/roles/debian12_cis : Disable Kernel Parameter for IP Forwarding on IPv4 Interfaces - Find all files that set net.ipv4.ip_forward to correct value] ***
skipping: [localhost]

TASK [/stigforge/roles/debian12_cis : Disable Kernel Parameter for IP Forwarding on IPv4 Interfaces - Comment out any occurrences of net.ipv4.ip_forward from config files] ***
skipping: [localhost]

TASK [/stigforge/roles/debian12_cis : Disable Kernel Parameter for IP Forwarding on IPv4 Interfaces - Ensure sysctl net.ipv4.ip_forward is set to 0] ***
skipping: [localhost]

TASK [/stigforge/roles/debian12_cis : Ensure Base Chains Exist for Nftables - Check Existence of Nftables Table] ***
skipping: [localhost]

TASK [/stigforge/roles/debian12_cis : Ensure Base Chains Exist for Nftables - Set NFTables Table] ***
skipping: [localhost]

TASK [/stigforge/roles/debian12_cis : Ensure Base Chains Exist for Nftables - Add Base Chains] ***
skipping: [localhost] => (item=['input', 'filter', 'input', '0', 'accept']) 
skipping: [localhost] => (item=['forward', 'filter', 'forward', '0', 'accept']) 
skipping: [localhost] => (item=['output', 'filter', 'output', '0', 'accept']) 
skipping: [localhost]

TASK [/stigforge/roles/debian12_cis : Implement Loopback Rules] ****************
skipping: [localhost]

TASK [/stigforge/roles/debian12_cis : Create Rule to Drop Input IP Address from Loopback] ***
skipping: [localhost]

TASK [/stigforge/roles/debian12_cis : Check if IPv6 is Disabled in grub Configuration] ***
skipping: [localhost]

TASK [/stigforge/roles/debian12_cis : Check sysctl value of net.ipv6.conf.all.disable_ipv6] ***
skipping: [localhost]

TASK [/stigforge/roles/debian12_cis : Check sysctl value of net.ipv6.conf.default.disable_ipv6] ***
skipping: [localhost]

TASK [/stigforge/roles/debian12_cis : Implement IPv6 loopback rules] ***********
skipping: [localhost]

TASK [/stigforge/roles/debian12_cis : Collect Existing Nftables] ***************
skipping: [localhost]

TASK [/stigforge/roles/debian12_cis : Set Nftable Table] ***********************
skipping: [localhost]

TASK [/stigforge/roles/debian12_cis : Deactivate Wireless Network Interfaces - NetworkManager Deactivate Wireless Network Interfaces] ***
skipping: [localhost]

TASK [/stigforge/roles/debian12_cis : Find /var/log/ file(s)] ******************
ok: [localhost]

TASK [/stigforge/roles/debian12_cis : Set permissions for /var/log/ file(s)] ***
changed: [localhost] => (item=/var/log/lastlog)
changed: [localhost] => (item=/var/log/wtmp)
changed: [localhost] => (item=/var/log/btmp)
changed: [localhost] => (item=/var/log/faillog)
changed: [localhost] => (item=/var/log/dpkg.log)

TASK [/stigforge/roles/debian12_cis : Set the file_groupowner_backup_etc_group_newgroup variable if represented by gid] ***
ok: [localhost]

TASK [/stigforge/roles/debian12_cis : Test for existence /etc/group-] **********
ok: [localhost]

TASK [/stigforge/roles/debian12_cis : Ensure group owner on /etc/group-] *******
ok: [localhost]

TASK [/stigforge/roles/debian12_cis : Set the file_groupowner_backup_etc_gshadow_newgroup variable if represented by gid] ***
ok: [localhost]

TASK [/stigforge/roles/debian12_cis : Test for existence /etc/gshadow-] ********
ok: [localhost]

TASK [/stigforge/roles/debian12_cis : Ensure group owner on /etc/gshadow-] *****
skipping: [localhost]

TASK [/stigforge/roles/debian12_cis : Set the file_groupowner_backup_etc_passwd_newgroup variable if represented by gid] ***
ok: [localhost]

TASK [/stigforge/roles/debian12_cis : Test for existence /etc/passwd-] *********
ok: [localhost]

TASK [/stigforge/roles/debian12_cis : Ensure group owner on /etc/passwd-] ******
ok: [localhost]

TASK [/stigforge/roles/debian12_cis : Set the file_groupowner_backup_etc_shadow_newgroup variable if represented by gid] ***
ok: [localhost]

TASK [/stigforge/roles/debian12_cis : Test for existence /etc/shadow-] *********
ok: [localhost]

TASK [/stigforge/roles/debian12_cis : Ensure group owner on /etc/shadow-] ******
skipping: [localhost]

TASK [/stigforge/roles/debian12_cis : Set the file_groupowner_etc_group_newgroup variable if represented by gid] ***
ok: [localhost]

TASK [/stigforge/roles/debian12_cis : Test for existence /etc/group] ***********
ok: [localhost]

TASK [/stigforge/roles/debian12_cis : Ensure group owner on /etc/group] ********
ok: [localhost]

TASK [/stigforge/roles/debian12_cis : Set the file_groupowner_etc_gshadow_newgroup variable if represented by gid] ***
ok: [localhost]

TASK [/stigforge/roles/debian12_cis : Test for existence /etc/gshadow] *********
ok: [localhost]

TASK [/stigforge/roles/debian12_cis : Ensure group owner on /etc/gshadow] ******
ok: [localhost]

TASK [/stigforge/roles/debian12_cis : Set the file_groupowner_etc_passwd_newgroup variable if represented by gid] ***
ok: [localhost]

TASK [/stigforge/roles/debian12_cis : Test for existence /etc/passwd] **********
ok: [localhost]

TASK [/stigforge/roles/debian12_cis : Ensure group owner on /etc/passwd] *******
ok: [localhost]

TASK [/stigforge/roles/debian12_cis : Set the file_groupowner_etc_security_opasswd_newgroup variable if represented by gid] ***
ok: [localhost]

TASK [/stigforge/roles/debian12_cis : Test for existence /etc/security/opasswd] ***
ok: [localhost]

TASK [/stigforge/roles/debian12_cis : Ensure group owner on /etc/security/opasswd] ***
ok: [localhost]

TASK [/stigforge/roles/debian12_cis : Set the file_groupowner_etc_security_opasswd_old_newgroup variable if represented by gid] ***
ok: [localhost]

TASK [/stigforge/roles/debian12_cis : Test for existence /etc/security/opasswd.old] ***
ok: [localhost]

TASK [/stigforge/roles/debian12_cis : Ensure group owner on /etc/security/opasswd.old] ***
skipping: [localhost]

TASK [/stigforge/roles/debian12_cis : Set the file_groupowner_etc_shadow_newgroup variable if represented by gid] ***
ok: [localhost]

TASK [/stigforge/roles/debian12_cis : Test for existence /etc/shadow] **********
ok: [localhost]

TASK [/stigforge/roles/debian12_cis : Ensure group owner on /etc/shadow] *******
ok: [localhost]

TASK [/stigforge/roles/debian12_cis : Set the file_groupowner_etc_shells_newgroup variable if represented by gid] ***
ok: [localhost]

TASK [/stigforge/roles/debian12_cis : Test for existence /etc/shells] **********
ok: [localhost]

TASK [/stigforge/roles/debian12_cis : Ensure group owner on /etc/shells] *******
ok: [localhost]

TASK [/stigforge/roles/debian12_cis : Set the file_owner_backup_etc_group_newown variable if represented by uid] ***
ok: [localhost]

TASK [/stigforge/roles/debian12_cis : Test for existence /etc/group-] **********
ok: [localhost]

TASK [/stigforge/roles/debian12_cis : Ensure owner on /etc/group-] *************
ok: [localhost]

TASK [/stigforge/roles/debian12_cis : Set the file_owner_backup_etc_gshadow_newown variable if represented by uid] ***
ok: [localhost]

TASK [/stigforge/roles/debian12_cis : Test for existence /etc/gshadow-] ********
ok: [localhost]

TASK [/stigforge/roles/debian12_cis : Ensure owner on /etc/gshadow-] ***********
skipping: [localhost]

TASK [/stigforge/roles/debian12_cis : Set the file_owner_backup_etc_passwd_newown variable if represented by uid] ***
ok: [localhost]

TASK [/stigforge/roles/debian12_cis : Test for existence /etc/passwd-] *********
ok: [localhost]

TASK [/stigforge/roles/debian12_cis : Ensure owner on /etc/passwd-] ************
ok: [localhost]

TASK [/stigforge/roles/debian12_cis : Set the file_owner_backup_etc_shadow_newown variable if represented by uid] ***
ok: [localhost]

TASK [/stigforge/roles/debian12_cis : Test for existence /etc/shadow-] *********
ok: [localhost]

TASK [/stigforge/roles/debian12_cis : Ensure owner on /etc/shadow-] ************
skipping: [localhost]

TASK [/stigforge/roles/debian12_cis : Set the file_owner_etc_group_newown variable if represented by uid] ***
ok: [localhost]

TASK [/stigforge/roles/debian12_cis : Test for existence /etc/group] ***********
ok: [localhost]

TASK [/stigforge/roles/debian12_cis : Ensure owner on /etc/group] **************
ok: [localhost]

TASK [/stigforge/roles/debian12_cis : Set the file_owner_etc_gshadow_newown variable if represented by uid] ***
ok: [localhost]

TASK [/stigforge/roles/debian12_cis : Test for existence /etc/gshadow] *********
ok: [localhost]

TASK [/stigforge/roles/debian12_cis : Ensure owner on /etc/gshadow] ************
ok: [localhost]

TASK [/stigforge/roles/debian12_cis : Set the file_owner_etc_passwd_newown variable if represented by uid] ***
ok: [localhost]

TASK [/stigforge/roles/debian12_cis : Test for existence /etc/passwd] **********
ok: [localhost]

TASK [/stigforge/roles/debian12_cis : Ensure owner on /etc/passwd] *************
ok: [localhost]

TASK [/stigforge/roles/debian12_cis : Set the file_owner_etc_security_opasswd_newown variable if represented by uid] ***
ok: [localhost]

TASK [/stigforge/roles/debian12_cis : Test for existence /etc/security/opasswd] ***
ok: [localhost]

TASK [/stigforge/roles/debian12_cis : Ensure owner on /etc/security/opasswd] ***
ok: [localhost]

TASK [/stigforge/roles/debian12_cis : Set the file_owner_etc_security_opasswd_old_newown variable if represented by uid] ***
ok: [localhost]

TASK [/stigforge/roles/debian12_cis : Test for existence /etc/security/opasswd.old] ***
ok: [localhost]

TASK [/stigforge/roles/debian12_cis : Ensure owner on /etc/security/opasswd.old] ***
skipping: [localhost]

TASK [/stigforge/roles/debian12_cis : Set the file_owner_etc_shadow_newown variable if represented by uid] ***
ok: [localhost]

TASK [/stigforge/roles/debian12_cis : Test for existence /etc/shadow] **********
ok: [localhost]

TASK [/stigforge/roles/debian12_cis : Ensure owner on /etc/shadow] *************
ok: [localhost]

TASK [/stigforge/roles/debian12_cis : Set the file_owner_etc_shells_newown variable if represented by uid] ***
ok: [localhost]

TASK [/stigforge/roles/debian12_cis : Test for existence /etc/shells] **********
ok: [localhost]

TASK [/stigforge/roles/debian12_cis : Ensure owner on /etc/shells] *************
ok: [localhost]

TASK [/stigforge/roles/debian12_cis : Test for existence /etc/group-] **********
ok: [localhost]

TASK [/stigforge/roles/debian12_cis : Ensure permission u-xs,g-xws,o-xwt on /etc/group-] ***
ok: [localhost]

TASK [/stigforge/roles/debian12_cis : Test for existence /etc/gshadow-] ********
ok: [localhost]

TASK [/stigforge/roles/debian12_cis : Ensure permission u-xs,g-xws,o-xwrt on /etc/gshadow-] ***
skipping: [localhost]

TASK [/stigforge/roles/debian12_cis : Test for existence /etc/passwd-] *********
ok: [localhost]

TASK [/stigforge/roles/debian12_cis : Ensure permission u-xs,g-xws,o-xwt on /etc/passwd-] ***
ok: [localhost]

TASK [/stigforge/roles/debian12_cis : Test for existence /etc/shadow-] *********
ok: [localhost]

TASK [/stigforge/roles/debian12_cis : Ensure permission u-xs,g-xws,o-xwrt on /etc/shadow-] ***
skipping: [localhost]

TASK [/stigforge/roles/debian12_cis : Test for existence /etc/group] ***********
ok: [localhost]

TASK [/stigforge/roles/debian12_cis : Ensure permission u-xs,g-xws,o-xwt on /etc/group] ***
ok: [localhost]

TASK [/stigforge/roles/debian12_cis : Test for existence /etc/gshadow] *********
ok: [localhost]

TASK [/stigforge/roles/debian12_cis : Ensure permission u-xs,g-xws,o-xwrt on /etc/gshadow] ***
ok: [localhost]

TASK [/stigforge/roles/debian12_cis : Test for existence /etc/passwd] **********
ok: [localhost]

TASK [/stigforge/roles/debian12_cis : Ensure permission u-xs,g-xws,o-xwt on /etc/passwd] ***
ok: [localhost]

TASK [/stigforge/roles/debian12_cis : Test for existence /etc/security/opasswd] ***
ok: [localhost]

TASK [/stigforge/roles/debian12_cis : Ensure permission u-xs,g-xwrs,o-xwrt on /etc/security/opasswd] ***
ok: [localhost]

TASK [/stigforge/roles/debian12_cis : Test for existence /etc/security/opasswd.old] ***
ok: [localhost]

TASK [/stigforge/roles/debian12_cis : Ensure permission u-xs,g-xwrs,o-xwrt on /etc/security/opasswd.old] ***
skipping: [localhost]

TASK [/stigforge/roles/debian12_cis : Test for existence /etc/shadow] **********
ok: [localhost]

TASK [/stigforge/roles/debian12_cis : Ensure permission u-xs,g-xws,o-xwrt on /etc/shadow] ***
ok: [localhost]

TASK [/stigforge/roles/debian12_cis : Test for existence /etc/shells] **********
ok: [localhost]

TASK [/stigforge/roles/debian12_cis : Ensure permission u-xs,g-xws,o-xwt on /etc/shells] ***
ok: [localhost]

TASK [/stigforge/roles/debian12_cis : Check that the adm group is defined] *****
ok: [localhost]

TASK [/stigforge/roles/debian12_cis : Set the file_groupowner_var_log_auth_newgroup variable if adm found] ***
ok: [localhost]

TASK [/stigforge/roles/debian12_cis : Check that the root group is defined] ****
skipping: [localhost]

TASK [/stigforge/roles/debian12_cis : Set the file_groupowner_var_log_auth_newgroup variable if root found] ***
skipping: [localhost]

TASK [/stigforge/roles/debian12_cis : Test for existence /var/log/auth.log] ****
ok: [localhost]

TASK [/stigforge/roles/debian12_cis : Ensure group owner on /var/log/auth.log] ***
skipping: [localhost]

TASK [/stigforge/roles/debian12_cis : Check that the adm group is defined] *****
ok: [localhost]

TASK [/stigforge/roles/debian12_cis : Set the file_groupowner_var_log_cloud_init_newgroup variable if adm found] ***
ok: [localhost]

TASK [/stigforge/roles/debian12_cis : Check that the root group is defined] ****
skipping: [localhost]

TASK [/stigforge/roles/debian12_cis : Set the file_groupowner_var_log_cloud_init_newgroup variable if root found] ***
skipping: [localhost]

TASK [/stigforge/roles/debian12_cis : Find /var/log/ file(s) matching .*cloud-init\.log.*] ***
ok: [localhost]

TASK [/stigforge/roles/debian12_cis : Ensure group owner on /var/log/ file(s) matching .*cloud-init\.log.*] ***
skipping: [localhost]

TASK [/stigforge/roles/debian12_cis : Check that the systemd-journal group is defined] ***
fatal: [localhost]: FAILED! => {"changed": false, "msg": "One or more supplied key could not be found in the database."}
...ignoring

TASK [/stigforge/roles/debian12_cis : Set the file_groupowner_var_log_journal_newgroup variable if systemd-journal found] ***
skipping: [localhost]

TASK [/stigforge/roles/debian12_cis : Check that the root group is defined] ****
ok: [localhost]

TASK [/stigforge/roles/debian12_cis : Set the file_groupowner_var_log_journal_newgroup variable if root found] ***
ok: [localhost]

TASK [/stigforge/roles/debian12_cis : Find /var/log/ file(s) matching .*\.journal[~]? recursively] ***
ok: [localhost]

TASK [/stigforge/roles/debian12_cis : Ensure group owner on /var/log/ file(s) matching .*\.journal[~]?] ***
skipping: [localhost]

TASK [/stigforge/roles/debian12_cis : Check that the utmp group is defined] ****
ok: [localhost]

TASK [/stigforge/roles/debian12_cis : Set the file_groupowner_var_log_lastlog_newgroup variable if utmp found] ***
ok: [localhost]

TASK [/stigforge/roles/debian12_cis : Check that the root group is defined] ****
skipping: [localhost]

TASK [/stigforge/roles/debian12_cis : Set the file_groupowner_var_log_lastlog_newgroup variable if root found] ***
skipping: [localhost]

TASK [/stigforge/roles/debian12_cis : Find /var/log/ file(s) matching .*lastlog(\.[^\/]+)?] ***
ok: [localhost]

TASK [/stigforge/roles/debian12_cis : Ensure group owner on /var/log/ file(s) matching .*lastlog(\.[^\/]+)?] ***
skipping: [localhost]

TASK [/stigforge/roles/debian12_cis : Check that the adm group is defined] *****
ok: [localhost]

TASK [/stigforge/roles/debian12_cis : Set the file_groupowner_var_log_localmessages_newgroup variable if adm found] ***
ok: [localhost]

TASK [/stigforge/roles/debian12_cis : Check that the root group is defined] ****
skipping: [localhost]

TASK [/stigforge/roles/debian12_cis : Set the file_groupowner_var_log_localmessages_newgroup variable if root found] ***
skipping: [localhost]

TASK [/stigforge/roles/debian12_cis : Find /var/log/ file(s) matching .*localmessages.*] ***
ok: [localhost]

TASK [/stigforge/roles/debian12_cis : Ensure group owner on /var/log/ file(s) matching .*localmessages.*] ***
skipping: [localhost]

TASK [/stigforge/roles/debian12_cis : Check that the adm group is defined] *****
ok: [localhost]

TASK [/stigforge/roles/debian12_cis : Set the file_groupowner_var_log_messages_newgroup variable if adm found] ***
ok: [localhost]

TASK [/stigforge/roles/debian12_cis : Check that the root group is defined] ****
skipping: [localhost]

TASK [/stigforge/roles/debian12_cis : Set the file_groupowner_var_log_messages_newgroup variable if root found] ***
skipping: [localhost]

TASK [/stigforge/roles/debian12_cis : Test for existence /var/log/messages] ****
ok: [localhost]

TASK [/stigforge/roles/debian12_cis : Ensure group owner on /var/log/messages] ***
skipping: [localhost]

TASK [/stigforge/roles/debian12_cis : Check that the adm group is defined] *****
ok: [localhost]

TASK [/stigforge/roles/debian12_cis : Set the file_groupowner_var_log_secure_newgroup variable if adm found] ***
ok: [localhost]

TASK [/stigforge/roles/debian12_cis : Check that the root group is defined] ****
skipping: [localhost]

TASK [/stigforge/roles/debian12_cis : Set the file_groupowner_var_log_secure_newgroup variable if root found] ***
skipping: [localhost]

TASK [/stigforge/roles/debian12_cis : Find /var/log/ file(s) matching .*secure(.*[-\.].*)?] ***
ok: [localhost]

TASK [/stigforge/roles/debian12_cis : Ensure group owner on /var/log/ file(s) matching .*secure(.*[-\.].*)?] ***
skipping: [localhost]

TASK [/stigforge/roles/debian12_cis : Set the file_groupowner_var_log_syslog_newgroup variable if represented by gid] ***
skipping: [localhost]

TASK [/stigforge/roles/debian12_cis : Test for existence /var/log/syslog] ******
skipping: [localhost]

TASK [/stigforge/roles/debian12_cis : Ensure group owner on /var/log/syslog] ***
skipping: [localhost]

TASK [/stigforge/roles/debian12_cis : Check that the adm group is defined] *****
ok: [localhost]

TASK [/stigforge/roles/debian12_cis : Set the file_groupowner_var_log_waagent_newgroup variable if adm found] ***
ok: [localhost]

TASK [/stigforge/roles/debian12_cis : Check that the root group is defined] ****
skipping: [localhost]

TASK [/stigforge/roles/debian12_cis : Set the file_groupowner_var_log_waagent_newgroup variable if root found] ***
skipping: [localhost]

TASK [/stigforge/roles/debian12_cis : Find /var/log/ file(s) matching .*waagent.log.*] ***
ok: [localhost]

TASK [/stigforge/roles/debian12_cis : Ensure group owner on /var/log/ file(s) matching .*waagent.log.*] ***
skipping: [localhost]

TASK [/stigforge/roles/debian12_cis : Check that the utmp group is defined] ****
ok: [localhost]

TASK [/stigforge/roles/debian12_cis : Set the file_groupowner_var_log_wbtmp_newgroup variable if utmp found] ***
ok: [localhost]

TASK [/stigforge/roles/debian12_cis : Check that the root group is defined] ****
skipping: [localhost]

TASK [/stigforge/roles/debian12_cis : Set the file_groupowner_var_log_wbtmp_newgroup variable if root found] ***
skipping: [localhost]

TASK [/stigforge/roles/debian12_cis : Find /var/log/ file(s) matching .*(b|w)tmp((\.|-)[^\/]+)?] ***
ok: [localhost]

TASK [/stigforge/roles/debian12_cis : Ensure group owner on /var/log/ file(s) matching .*(b|w)tmp((\.|-)[^\/]+)?] ***
skipping: [localhost]

TASK [/stigforge/roles/debian12_cis : Check that the adm group is defined] *****
ok: [localhost]

TASK [/stigforge/roles/debian12_cis : Set the file_groupownerships_var_log_apt_newgroup variable if adm found] ***
ok: [localhost]

TASK [/stigforge/roles/debian12_cis : Check that the root group is defined] ****
skipping: [localhost]

TASK [/stigforge/roles/debian12_cis : Set the file_groupownerships_var_log_apt_newgroup variable if root found] ***
skipping: [localhost]

TASK [/stigforge/roles/debian12_cis : Find /var/log/apt/ file(s) matching .*] ***
ok: [localhost]

TASK [/stigforge/roles/debian12_cis : Ensure group owner on /var/log/apt/ file(s) matching .*] ***
skipping: [localhost]

TASK [/stigforge/roles/debian12_cis : Check that the gdm group is defined] *****
fatal: [localhost]: FAILED! => {"changed": false, "msg": "One or more supplied key could not be found in the database."}
...ignoring

TASK [/stigforge/roles/debian12_cis : Set the file_groupownerships_var_log_gdm_newgroup variable if gdm found] ***
skipping: [localhost]

TASK [/stigforge/roles/debian12_cis : Check that the root group is defined] ****
ok: [localhost]

TASK [/stigforge/roles/debian12_cis : Set the file_groupownerships_var_log_gdm_newgroup variable if root found] ***
ok: [localhost]

TASK [/stigforge/roles/debian12_cis : Find /var/log/gdm/ file(s) matching .* recursively] ***
ok: [localhost]

TASK [/stigforge/roles/debian12_cis : Ensure group owner on /var/log/gdm/ file(s) matching .*] ***
skipping: [localhost]

TASK [/stigforge/roles/debian12_cis : Check that the gdm group is defined] *****
fatal: [localhost]: FAILED! => {"changed": false, "msg": "One or more supplied key could not be found in the database."}
...ignoring

TASK [/stigforge/roles/debian12_cis : Set the file_groupownerships_var_log_gdm3_newgroup variable if gdm found] ***
skipping: [localhost]

TASK [/stigforge/roles/debian12_cis : Check that the gdm3 group is defined] ****
fatal: [localhost]: FAILED! => {"changed": false, "msg": "One or more supplied key could not be found in the database."}
...ignoring

TASK [/stigforge/roles/debian12_cis : Set the file_groupownerships_var_log_gdm3_newgroup variable if gdm3 found] ***
skipping: [localhost]

TASK [/stigforge/roles/debian12_cis : Check that the root group is defined] ****
ok: [localhost]

TASK [/stigforge/roles/debian12_cis : Set the file_groupownerships_var_log_gdm3_newgroup variable if root found] ***
ok: [localhost]

TASK [/stigforge/roles/debian12_cis : Find /var/log/gdm3/ file(s) matching .* recursively] ***
ok: [localhost]

TASK [/stigforge/roles/debian12_cis : Ensure group owner on /var/log/gdm3/ file(s) matching .*] ***
skipping: [localhost]

TASK [/stigforge/roles/debian12_cis : Check that the root group is defined] ****
ok: [localhost]

TASK [/stigforge/roles/debian12_cis : Set the file_groupownerships_var_log_landscape_newgroup variable if root found] ***
ok: [localhost]

TASK [/stigforge/roles/debian12_cis : Check that the landscape group is defined] ***
skipping: [localhost]

TASK [/stigforge/roles/debian12_cis : Set the file_groupownerships_var_log_landscape_newgroup variable if landscape found] ***
skipping: [localhost]

TASK [/stigforge/roles/debian12_cis : Find /var/log/landscape/ file(s) matching ^.*$] ***
ok: [localhost]

TASK [/stigforge/roles/debian12_cis : Ensure group owner on /var/log/landscape/ file(s) matching ^.*$] ***
skipping: [localhost]

TASK [/stigforge/roles/debian12_cis : Check that the sssd group is defined] ****
fatal: [localhost]: FAILED! => {"changed": false, "msg": "One or more supplied key could not be found in the database."}
...ignoring

TASK [/stigforge/roles/debian12_cis : Set the file_groupownerships_var_log_sssd_newgroup variable if sssd found] ***
skipping: [localhost]

TASK [/stigforge/roles/debian12_cis : Check that the root group is defined] ****
ok: [localhost]

TASK [/stigforge/roles/debian12_cis : Set the file_groupownerships_var_log_sssd_newgroup variable if root found] ***
ok: [localhost]

TASK [/stigforge/roles/debian12_cis : Find /var/log/sssd/ file(s) matching .* recursively] ***
ok: [localhost]

TASK [/stigforge/roles/debian12_cis : Ensure group owner on /var/log/sssd/ file(s) matching .*] ***
skipping: [localhost]

TASK [/stigforge/roles/debian12_cis : Check that the syslog user is defined] ***
fatal: [localhost]: FAILED! => {"changed": false, "msg": "One or more supplied key could not be found in the database."}
...ignoring

TASK [/stigforge/roles/debian12_cis : Set the file_owner_var_log_auth_newown variable if syslog found] ***
skipping: [localhost]

TASK [/stigforge/roles/debian12_cis : Check that the root user is defined] *****
ok: [localhost]

TASK [/stigforge/roles/debian12_cis : Set the file_owner_var_log_auth_newown variable if root found] ***
ok: [localhost]

TASK [/stigforge/roles/debian12_cis : Test for existence /var/log/auth.log] ****
ok: [localhost]

TASK [/stigforge/roles/debian12_cis : Ensure owner on /var/log/auth.log] *******
skipping: [localhost]

TASK [/stigforge/roles/debian12_cis : Check that the syslog user is defined] ***
fatal: [localhost]: FAILED! => {"changed": false, "msg": "One or more supplied key could not be found in the database."}
...ignoring

TASK [/stigforge/roles/debian12_cis : Set the file_owner_var_log_cloud_init_newown variable if syslog found] ***
skipping: [localhost]

TASK [/stigforge/roles/debian12_cis : Check that the root user is defined] *****
ok: [localhost]

TASK [/stigforge/roles/debian12_cis : Set the file_owner_var_log_cloud_init_newown variable if root found] ***
ok: [localhost]

TASK [/stigforge/roles/debian12_cis : Find /var/log/ file(s) matching .*cloud-init\.log.*] ***
ok: [localhost]

TASK [/stigforge/roles/debian12_cis : Ensure owner on /var/log/ file(s) matching .*cloud-init\.log.*] ***
skipping: [localhost]

TASK [/stigforge/roles/debian12_cis : Set the file_owner_var_log_journal_newown variable if represented by uid] ***
ok: [localhost]

TASK [/stigforge/roles/debian12_cis : Find /var/log/ file(s) matching .*\.journal(~)?$ recursively] ***
ok: [localhost]

TASK [/stigforge/roles/debian12_cis : Ensure owner on /var/log/ file(s) matching .*\.journal(~)?$] ***
skipping: [localhost]

TASK [/stigforge/roles/debian12_cis : Set the file_owner_var_log_lastlog_newown variable if represented by uid] ***
ok: [localhost]

TASK [/stigforge/roles/debian12_cis : Find /var/log/ file(s) matching .*lastlog(\.[^\/]+)?$] ***
ok: [localhost]

TASK [/stigforge/roles/debian12_cis : Ensure owner on /var/log/ file(s) matching .*lastlog(\.[^\/]+)?$] ***
skipping: [localhost]

TASK [/stigforge/roles/debian12_cis : Check that the syslog user is defined] ***
fatal: [localhost]: FAILED! => {"changed": false, "msg": "One or more supplied key could not be found in the database."}
...ignoring

TASK [/stigforge/roles/debian12_cis : Set the file_owner_var_log_localmessages_newown variable if syslog found] ***
skipping: [localhost]

TASK [/stigforge/roles/debian12_cis : Check that the root user is defined] *****
ok: [localhost]

TASK [/stigforge/roles/debian12_cis : Set the file_owner_var_log_localmessages_newown variable if root found] ***
ok: [localhost]

TASK [/stigforge/roles/debian12_cis : Find /var/log/ file(s) matching .*localmessages.*] ***
ok: [localhost]

TASK [/stigforge/roles/debian12_cis : Ensure owner on /var/log/ file(s) matching .*localmessages.*] ***
skipping: [localhost]

TASK [/stigforge/roles/debian12_cis : Set the file_owner_var_log_messages_newown variable if represented by uid] ***
ok: [localhost]

TASK [/stigforge/roles/debian12_cis : Test for existence /var/log/messages] ****
ok: [localhost]

TASK [/stigforge/roles/debian12_cis : Ensure owner on /var/log/messages] *******
skipping: [localhost]

TASK [/stigforge/roles/debian12_cis : Check that the syslog user is defined] ***
fatal: [localhost]: FAILED! => {"changed": false, "msg": "One or more supplied key could not be found in the database."}
...ignoring

TASK [/stigforge/roles/debian12_cis : Set the file_owner_var_log_secure_newown variable if syslog found] ***
skipping: [localhost]

TASK [/stigforge/roles/debian12_cis : Check that the root user is defined] *****
ok: [localhost]

TASK [/stigforge/roles/debian12_cis : Set the file_owner_var_log_secure_newown variable if root found] ***
ok: [localhost]

TASK [/stigforge/roles/debian12_cis : Find /var/log/ file(s) matching .*secure(.*[-\.].*)?] ***
ok: [localhost]

TASK [/stigforge/roles/debian12_cis : Ensure owner on /var/log/ file(s) matching .*secure(.*[-\.].*)?] ***
skipping: [localhost]

TASK [/stigforge/roles/debian12_cis : Check that the root user is defined] *****
ok: [localhost]

TASK [/stigforge/roles/debian12_cis : Set the file_owner_var_log_syslog_newown variable if root found] ***
ok: [localhost]

TASK [/stigforge/roles/debian12_cis : Test for existence /var/log/syslog] ******
ok: [localhost]

TASK [/stigforge/roles/debian12_cis : Ensure owner on /var/log/syslog] *********
skipping: [localhost]

TASK [/stigforge/roles/debian12_cis : Check that the syslog user is defined] ***
fatal: [localhost]: FAILED! => {"changed": false, "msg": "One or more supplied key could not be found in the database."}
...ignoring

TASK [/stigforge/roles/debian12_cis : Set the file_owner_var_log_waagent_newown variable if syslog found] ***
skipping: [localhost]

TASK [/stigforge/roles/debian12_cis : Check that the root user is defined] *****
ok: [localhost]

TASK [/stigforge/roles/debian12_cis : Set the file_owner_var_log_waagent_newown variable if root found] ***
ok: [localhost]

TASK [/stigforge/roles/debian12_cis : Find /var/log/ file(s) matching .*waagent.log.*] ***
ok: [localhost]

TASK [/stigforge/roles/debian12_cis : Ensure owner on /var/log/ file(s) matching .*waagent.log.*] ***
skipping: [localhost]

TASK [/stigforge/roles/debian12_cis : Set the file_owner_var_log_wbtmp_newown variable if represented by uid] ***
ok: [localhost]

TASK [/stigforge/roles/debian12_cis : Find /var/log/ file(s) matching .*(b|w)tmp((\.|-)[^\/]+)?$] ***
ok: [localhost]

TASK [/stigforge/roles/debian12_cis : Ensure owner on /var/log/ file(s) matching .*(b|w)tmp((\.|-)[^\/]+)?$] ***
skipping: [localhost]

TASK [/stigforge/roles/debian12_cis : Set the file_ownerships_var_log_apt_newown variable if represented by uid] ***
ok: [localhost]

TASK [/stigforge/roles/debian12_cis : Find /var/log/apt/ file(s) matching ^.*$] ***
ok: [localhost]

TASK [/stigforge/roles/debian12_cis : Ensure owner on /var/log/apt/ file(s) matching ^.*$] ***
skipping: [localhost]

TASK [/stigforge/roles/debian12_cis : Set the file_ownerships_var_log_gdm_newown variable if represented by uid] ***
ok: [localhost]

TASK [/stigforge/roles/debian12_cis : Find /var/log/gdm/ file(s) matching .* recursively] ***
ok: [localhost]

TASK [/stigforge/roles/debian12_cis : Ensure owner on /var/log/gdm/ file(s) matching .*] ***
skipping: [localhost]

TASK [/stigforge/roles/debian12_cis : Set the file_ownerships_var_log_gdm3_newown variable if represented by uid] ***
ok: [localhost]

TASK [/stigforge/roles/debian12_cis : Find /var/log/gdm3/ file(s) matching .* recursively] ***
ok: [localhost]

TASK [/stigforge/roles/debian12_cis : Ensure owner on /var/log/gdm3/ file(s) matching .*] ***
skipping: [localhost]

TASK [/stigforge/roles/debian12_cis : Check that the root user is defined] *****
ok: [localhost]

TASK [/stigforge/roles/debian12_cis : Set the file_ownerships_var_log_landscape_newown variable if root found] ***
ok: [localhost]

TASK [/stigforge/roles/debian12_cis : Check that the landscape user is defined] ***
skipping: [localhost]

TASK [/stigforge/roles/debian12_cis : Set the file_ownerships_var_log_landscape_newown variable if landscape found] ***
skipping: [localhost]

TASK [/stigforge/roles/debian12_cis : Find /var/log/landscape/ file(s) matching ^.*$] ***
ok: [localhost]

TASK [/stigforge/roles/debian12_cis : Ensure owner on /var/log/landscape/ file(s) matching ^.*$] ***
skipping: [localhost]

TASK [/stigforge/roles/debian12_cis : Check that the sssd user is defined] *****
fatal: [localhost]: FAILED! => {"changed": false, "msg": "One or more supplied key could not be found in the database."}
...ignoring

TASK [/stigforge/roles/debian12_cis : Set the file_ownerships_var_log_sssd_newown variable if sssd found] ***
skipping: [localhost]

TASK [/stigforge/roles/debian12_cis : Check that the root user is defined] *****
ok: [localhost]

TASK [/stigforge/roles/debian12_cis : Set the file_ownerships_var_log_sssd_newown variable if root found] ***
ok: [localhost]

TASK [/stigforge/roles/debian12_cis : Find /var/log/sssd/ file(s) matching .* recursively] ***
ok: [localhost]

TASK [/stigforge/roles/debian12_cis : Ensure owner on /var/log/sssd/ file(s) matching .*] ***
skipping: [localhost]

TASK [/stigforge/roles/debian12_cis : Find /var/log/apt/ file(s)] **************
ok: [localhost]

TASK [/stigforge/roles/debian12_cis : Set permissions for /var/log/apt/ file(s)] ***
skipping: [localhost]

TASK [/stigforge/roles/debian12_cis : Test for existence /var/log/auth.log] ****
ok: [localhost]

TASK [/stigforge/roles/debian12_cis : Ensure permission u-xs,g-xws,o-xwrt on /var/log/auth.log] ***
skipping: [localhost]

TASK [/stigforge/roles/debian12_cis : Find /var/log/ file(s)] ******************
ok: [localhost]

TASK [/stigforge/roles/debian12_cis : Set permissions for /var/log/ file(s)] ***
skipping: [localhost]

TASK [/stigforge/roles/debian12_cis : Find /var/log/gdm/ file(s) recursively] ***
ok: [localhost]

TASK [/stigforge/roles/debian12_cis : Set permissions for /var/log/gdm/ file(s)] ***
skipping: [localhost]

TASK [/stigforge/roles/debian12_cis : Find /var/log/gdm3/ file(s) recursively] ***
ok: [localhost]

TASK [/stigforge/roles/debian12_cis : Set permissions for /var/log/gdm3/ file(s)] ***
skipping: [localhost]

TASK [/stigforge/roles/debian12_cis : Find /var/log/ file(s)] ******************
ok: [localhost]

TASK [/stigforge/roles/debian12_cis : Set permissions for /var/log/ file(s)] ***
skipping: [localhost]

TASK [/stigforge/roles/debian12_cis : Find /var/log/ file(s)] ******************
ok: [localhost]

TASK [/stigforge/roles/debian12_cis : Set permissions for /var/log/ file(s)] ***
skipping: [localhost]

TASK [/stigforge/roles/debian12_cis : Test for existence /var/log/messages] ****
ok: [localhost]

TASK [/stigforge/roles/debian12_cis : Ensure permission u-xs,g-xws,o-xwrt on /var/log/messages] ***
skipping: [localhost]

TASK [/stigforge/roles/debian12_cis : Test for existence /var/log/secure] ******
ok: [localhost]

TASK [/stigforge/roles/debian12_cis : Ensure permission u-xs,g-xws,o-xwrt on /var/log/secure] ***
skipping: [localhost]

TASK [/stigforge/roles/debian12_cis : Find /var/log/sssd/ file(s)] *************
ok: [localhost]

TASK [/stigforge/roles/debian12_cis : Set permissions for /var/log/sssd/ file(s)] ***
skipping: [localhost]

TASK [/stigforge/roles/debian12_cis : Test for existence /var/log/syslog] ******
ok: [localhost]

TASK [/stigforge/roles/debian12_cis : Ensure permission u-xs,g-xws,o-xwrt on /var/log/syslog] ***
skipping: [localhost]

TASK [/stigforge/roles/debian12_cis : Find /var/log/ file(s)] ******************
ok: [localhost]

TASK [/stigforge/roles/debian12_cis : Set permissions for /var/log/ file(s)] ***
skipping: [localhost]

TASK [/stigforge/roles/debian12_cis : Find /var/log/ file(s)] ******************
ok: [localhost]

TASK [/stigforge/roles/debian12_cis : Set permissions for /var/log/ file(s)] ***
skipping: [localhost]

TASK [/stigforge/roles/debian12_cis : Add nodev Option to /dev/shm: Check information associated to mountpoint] ***
skipping: [localhost]

TASK [/stigforge/roles/debian12_cis : Add nodev Option to /dev/shm: Create mount_info dictionary variable] ***
skipping: [localhost]

TASK [/stigforge/roles/debian12_cis : Add nodev Option to /dev/shm: If /dev/shm not mounted, craft mount_info manually] ***
skipping: [localhost] => (item=['target', '/dev/shm']) 
skipping: [localhost] => (item=['source', 'tmpfs']) 
skipping: [localhost] => (item=['fstype', 'tmpfs']) 
skipping: [localhost] => (item=['options', 'defaults']) 
skipping: [localhost]

TASK [/stigforge/roles/debian12_cis : Add nodev Option to /dev/shm: Make sure nodev option is part of the to /dev/shm options] ***
skipping: [localhost]

TASK [/stigforge/roles/debian12_cis : Add nodev Option to /dev/shm: Ensure /dev/shm is mounted with nodev option] ***
skipping: [localhost]

TASK [/stigforge/roles/debian12_cis : Add noexec Option to /dev/shm: Check information associated to mountpoint] ***
skipping: [localhost]

TASK [/stigforge/roles/debian12_cis : Add noexec Option to /dev/shm: Create mount_info dictionary variable] ***
skipping: [localhost]

TASK [/stigforge/roles/debian12_cis : Add noexec Option to /dev/shm: If /dev/shm not mounted, craft mount_info manually] ***
skipping: [localhost] => (item=['target', '/dev/shm']) 
skipping: [localhost] => (item=['source', 'tmpfs']) 
skipping: [localhost] => (item=['fstype', 'tmpfs']) 
skipping: [localhost] => (item=['options', 'defaults']) 
skipping: [localhost]

TASK [/stigforge/roles/debian12_cis : Add noexec Option to /dev/shm: Make sure noexec option is part of the to /dev/shm options] ***
skipping: [localhost]

TASK [/stigforge/roles/debian12_cis : Add noexec Option to /dev/shm: Ensure /dev/shm is mounted with noexec option] ***
skipping: [localhost]

TASK [/stigforge/roles/debian12_cis : Add nosuid Option to /dev/shm: Check information associated to mountpoint] ***
skipping: [localhost]

TASK [/stigforge/roles/debian12_cis : Add nosuid Option to /dev/shm: Create mount_info dictionary variable] ***
skipping: [localhost]

TASK [/stigforge/roles/debian12_cis : Add nosuid Option to /dev/shm: If /dev/shm not mounted, craft mount_info manually] ***
skipping: [localhost] => (item=['target', '/dev/shm']) 
skipping: [localhost] => (item=['source', 'tmpfs']) 
skipping: [localhost] => (item=['fstype', 'tmpfs']) 
skipping: [localhost] => (item=['options', 'defaults']) 
skipping: [localhost]

TASK [/stigforge/roles/debian12_cis : Add nosuid Option to /dev/shm: Make sure nosuid option is part of the to /dev/shm options] ***
skipping: [localhost]

TASK [/stigforge/roles/debian12_cis : Add nosuid Option to /dev/shm: Ensure /dev/shm is mounted with nosuid option] ***
skipping: [localhost]

TASK [/stigforge/roles/debian12_cis : Add nodev Option to /home: Check information associated to mountpoint] ***
skipping: [localhost]

TASK [/stigforge/roles/debian12_cis : Add nodev Option to /home: Create mount_info dictionary variable] ***
skipping: [localhost]

TASK [/stigforge/roles/debian12_cis : Add nodev Option to /home: If /home not mounted, craft mount_info manually] ***
skipping: [localhost] => (item=['target', '/home']) 
skipping: [localhost] => (item=['source', '']) 
skipping: [localhost] => (item=['fstype', '']) 
skipping: [localhost] => (item=['options', 'defaults']) 
skipping: [localhost]

TASK [/stigforge/roles/debian12_cis : Add nodev Option to /home: Make sure nodev option is part of the to /home options] ***
skipping: [localhost]

TASK [/stigforge/roles/debian12_cis : Add nodev Option to /home: Ensure /home is mounted with nodev option] ***
skipping: [localhost]

TASK [/stigforge/roles/debian12_cis : Add nosuid Option to /home: Check information associated to mountpoint] ***
skipping: [localhost]

TASK [/stigforge/roles/debian12_cis : Add nosuid Option to /home: Create mount_info dictionary variable] ***
skipping: [localhost]

TASK [/stigforge/roles/debian12_cis : Add nosuid Option to /home: If /home not mounted, craft mount_info manually] ***
skipping: [localhost] => (item=['target', '/home']) 
skipping: [localhost] => (item=['source', '']) 
skipping: [localhost] => (item=['fstype', '']) 
skipping: [localhost] => (item=['options', 'defaults']) 
skipping: [localhost]

TASK [/stigforge/roles/debian12_cis : Add nosuid Option to /home: Make sure nosuid option is part of the to /home options] ***
skipping: [localhost]

TASK [/stigforge/roles/debian12_cis : Add nosuid Option to /home: Ensure /home is mounted with nosuid option] ***
skipping: [localhost]

TASK [/stigforge/roles/debian12_cis : Add nodev Option to /tmp: Check information associated to mountpoint] ***
skipping: [localhost]

TASK [/stigforge/roles/debian12_cis : Add nodev Option to /tmp: Create mount_info dictionary variable] ***
skipping: [localhost]

TASK [/stigforge/roles/debian12_cis : Add nodev Option to /tmp: If /tmp not mounted, craft mount_info manually] ***
skipping: [localhost] => (item=['target', '/tmp']) 
skipping: [localhost] => (item=['source', '']) 
skipping: [localhost] => (item=['fstype', '']) 
skipping: [localhost] => (item=['options', 'defaults']) 
skipping: [localhost]

TASK [/stigforge/roles/debian12_cis : Add nodev Option to /tmp: Make sure nodev option is part of the to /tmp options] ***
skipping: [localhost]

TASK [/stigforge/roles/debian12_cis : Add nodev Option to /tmp: Ensure /tmp is mounted with nodev option] ***
skipping: [localhost]

TASK [/stigforge/roles/debian12_cis : Add noexec Option to /tmp: Check information associated to mountpoint] ***
skipping: [localhost]

TASK [/stigforge/roles/debian12_cis : Add noexec Option to /tmp: Create mount_info dictionary variable] ***
skipping: [localhost]

TASK [/stigforge/roles/debian12_cis : Add noexec Option to /tmp: If /tmp not mounted, craft mount_info manually] ***
skipping: [localhost] => (item=['target', '/tmp']) 
skipping: [localhost] => (item=['source', '']) 
skipping: [localhost] => (item=['fstype', '']) 
skipping: [localhost] => (item=['options', 'defaults']) 
skipping: [localhost]

TASK [/stigforge/roles/debian12_cis : Add noexec Option to /tmp: Make sure noexec option is part of the to /tmp options] ***
skipping: [localhost]

TASK [/stigforge/roles/debian12_cis : Add noexec Option to /tmp: Ensure /tmp is mounted with noexec option] ***
skipping: [localhost]

TASK [/stigforge/roles/debian12_cis : Add nosuid Option to /tmp: Check information associated to mountpoint] ***
skipping: [localhost]

TASK [/stigforge/roles/debian12_cis : Add nosuid Option to /tmp: Create mount_info dictionary variable] ***
skipping: [localhost]

TASK [/stigforge/roles/debian12_cis : Add nosuid Option to /tmp: If /tmp not mounted, craft mount_info manually] ***
skipping: [localhost] => (item=['target', '/tmp']) 
skipping: [localhost] => (item=['source', '']) 
skipping: [localhost] => (item=['fstype', '']) 
skipping: [localhost] => (item=['options', 'defaults']) 
skipping: [localhost]

TASK [/stigforge/roles/debian12_cis : Add nosuid Option to /tmp: Make sure nosuid option is part of the to /tmp options] ***
skipping: [localhost]

TASK [/stigforge/roles/debian12_cis : Add nosuid Option to /tmp: Ensure /tmp is mounted with nosuid option] ***
skipping: [localhost]

TASK [/stigforge/roles/debian12_cis : Add nodev Option to /var/log/audit: Check information associated to mountpoint] ***
skipping: [localhost]

TASK [/stigforge/roles/debian12_cis : Add nodev Option to /var/log/audit: Create mount_info dictionary variable] ***
skipping: [localhost]

TASK [/stigforge/roles/debian12_cis : Add nodev Option to /var/log/audit: If /var/log/audit not mounted, craft mount_info manually] ***
skipping: [localhost] => (item=['target', '/var/log/audit']) 
skipping: [localhost] => (item=['source', '']) 
skipping: [localhost] => (item=['fstype', '']) 
skipping: [localhost] => (item=['options', 'defaults']) 
skipping: [localhost]

TASK [/stigforge/roles/debian12_cis : Add nodev Option to /var/log/audit: Make sure nodev option is part of the to /var/log/audit options] ***
skipping: [localhost]

TASK [/stigforge/roles/debian12_cis : Add nodev Option to /var/log/audit: Ensure /var/log/audit is mounted with nodev option] ***
skipping: [localhost]

TASK [/stigforge/roles/debian12_cis : Add noexec Option to /var/log/audit: Check information associated to mountpoint] ***
skipping: [localhost]

TASK [/stigforge/roles/debian12_cis : Add noexec Option to /var/log/audit: Create mount_info dictionary variable] ***
skipping: [localhost]

TASK [/stigforge/roles/debian12_cis : Add noexec Option to /var/log/audit: If /var/log/audit not mounted, craft mount_info manually] ***
skipping: [localhost] => (item=['target', '/var/log/audit']) 
skipping: [localhost] => (item=['source', '']) 
skipping: [localhost] => (item=['fstype', '']) 
skipping: [localhost] => (item=['options', 'defaults']) 
skipping: [localhost]

TASK [/stigforge/roles/debian12_cis : Add noexec Option to /var/log/audit: Make sure noexec option is part of the to /var/log/audit options] ***
skipping: [localhost]

TASK [/stigforge/roles/debian12_cis : Add noexec Option to /var/log/audit: Ensure /var/log/audit is mounted with noexec option] ***
skipping: [localhost]

TASK [/stigforge/roles/debian12_cis : Add nosuid Option to /var/log/audit: Check information associated to mountpoint] ***
skipping: [localhost]

TASK [/stigforge/roles/debian12_cis : Add nosuid Option to /var/log/audit: Create mount_info dictionary variable] ***
skipping: [localhost]

TASK [/stigforge/roles/debian12_cis : Add nosuid Option to /var/log/audit: If /var/log/audit not mounted, craft mount_info manually] ***
skipping: [localhost] => (item=['target', '/var/log/audit']) 
skipping: [localhost] => (item=['source', '']) 
skipping: [localhost] => (item=['fstype', '']) 
skipping: [localhost] => (item=['options', 'defaults']) 
skipping: [localhost]

TASK [/stigforge/roles/debian12_cis : Add nosuid Option to /var/log/audit: Make sure nosuid option is part of the to /var/log/audit options] ***
skipping: [localhost]

TASK [/stigforge/roles/debian12_cis : Add nosuid Option to /var/log/audit: Ensure /var/log/audit is mounted with nosuid option] ***
skipping: [localhost]

TASK [/stigforge/roles/debian12_cis : Add nodev Option to /var/log: Check information associated to mountpoint] ***
skipping: [localhost]

TASK [/stigforge/roles/debian12_cis : Add nodev Option to /var/log: Create mount_info dictionary variable] ***
skipping: [localhost]

TASK [/stigforge/roles/debian12_cis : Add nodev Option to /var/log: If /var/log not mounted, craft mount_info manually] ***
skipping: [localhost] => (item=['target', '/var/log']) 
skipping: [localhost] => (item=['source', '']) 
skipping: [localhost] => (item=['fstype', '']) 
skipping: [localhost] => (item=['options', 'defaults']) 
skipping: [localhost]

TASK [/stigforge/roles/debian12_cis : Add nodev Option to /var/log: Make sure nodev option is part of the to /var/log options] ***
skipping: [localhost]

TASK [/stigforge/roles/debian12_cis : Add nodev Option to /var/log: Ensure /var/log is mounted with nodev option] ***
skipping: [localhost]

TASK [/stigforge/roles/debian12_cis : Add noexec Option to /var/log: Check information associated to mountpoint] ***
skipping: [localhost]

TASK [/stigforge/roles/debian12_cis : Add noexec Option to /var/log: Create mount_info dictionary variable] ***
skipping: [localhost]

TASK [/stigforge/roles/debian12_cis : Add noexec Option to /var/log: If /var/log not mounted, craft mount_info manually] ***
skipping: [localhost] => (item=['target', '/var/log']) 
skipping: [localhost] => (item=['source', '']) 
skipping: [localhost] => (item=['fstype', '']) 
skipping: [localhost] => (item=['options', 'defaults']) 
skipping: [localhost]

TASK [/stigforge/roles/debian12_cis : Add noexec Option to /var/log: Make sure noexec option is part of the to /var/log options] ***
skipping: [localhost]

TASK [/stigforge/roles/debian12_cis : Add noexec Option to /var/log: Ensure /var/log is mounted with noexec option] ***
skipping: [localhost]

TASK [/stigforge/roles/debian12_cis : Add nosuid Option to /var/log: Check information associated to mountpoint] ***
skipping: [localhost]

TASK [/stigforge/roles/debian12_cis : Add nosuid Option to /var/log: Create mount_info dictionary variable] ***
skipping: [localhost]

TASK [/stigforge/roles/debian12_cis : Add nosuid Option to /var/log: If /var/log not mounted, craft mount_info manually] ***
skipping: [localhost] => (item=['target', '/var/log']) 
skipping: [localhost] => (item=['source', '']) 
skipping: [localhost] => (item=['fstype', '']) 
skipping: [localhost] => (item=['options', 'defaults']) 
skipping: [localhost]

TASK [/stigforge/roles/debian12_cis : Add nosuid Option to /var/log: Make sure nosuid option is part of the to /var/log options] ***
skipping: [localhost]

TASK [/stigforge/roles/debian12_cis : Add nosuid Option to /var/log: Ensure /var/log is mounted with nosuid option] ***
skipping: [localhost]

TASK [/stigforge/roles/debian12_cis : Add nodev Option to /var: Check information associated to mountpoint] ***
skipping: [localhost]

TASK [/stigforge/roles/debian12_cis : Add nodev Option to /var: Create mount_info dictionary variable] ***
skipping: [localhost]

TASK [/stigforge/roles/debian12_cis : Add nodev Option to /var: If /var not mounted, craft mount_info manually] ***
skipping: [localhost] => (item=['target', '/var']) 
skipping: [localhost] => (item=['source', '']) 
skipping: [localhost] => (item=['fstype', '']) 
skipping: [localhost] => (item=['options', 'defaults']) 
skipping: [localhost]

TASK [/stigforge/roles/debian12_cis : Add nodev Option to /var: Make sure nodev option is part of the to /var options] ***
skipping: [localhost]

TASK [/stigforge/roles/debian12_cis : Add nodev Option to /var: Ensure /var is mounted with nodev option] ***
skipping: [localhost]

TASK [/stigforge/roles/debian12_cis : Add nosuid Option to /var: Check information associated to mountpoint] ***
skipping: [localhost]

TASK [/stigforge/roles/debian12_cis : Add nosuid Option to /var: Create mount_info dictionary variable] ***
skipping: [localhost]

TASK [/stigforge/roles/debian12_cis : Add nosuid Option to /var: If /var not mounted, craft mount_info manually] ***
skipping: [localhost] => (item=['target', '/var']) 
skipping: [localhost] => (item=['source', '']) 
skipping: [localhost] => (item=['fstype', '']) 
skipping: [localhost] => (item=['options', 'defaults']) 
skipping: [localhost]

TASK [/stigforge/roles/debian12_cis : Add nosuid Option to /var: Make sure nosuid option is part of the to /var options] ***
skipping: [localhost]

TASK [/stigforge/roles/debian12_cis : Add nosuid Option to /var: Ensure /var is mounted with nosuid option] ***
skipping: [localhost]

TASK [/stigforge/roles/debian12_cis : Add nodev Option to /var/tmp: Check information associated to mountpoint] ***
skipping: [localhost]

TASK [/stigforge/roles/debian12_cis : Add nodev Option to /var/tmp: Create mount_info dictionary variable] ***
skipping: [localhost]

TASK [/stigforge/roles/debian12_cis : Add nodev Option to /var/tmp: If /var/tmp not mounted, craft mount_info manually] ***
skipping: [localhost] => (item=['target', '/var/tmp']) 
skipping: [localhost] => (item=['source', '']) 
skipping: [localhost] => (item=['fstype', '']) 
skipping: [localhost] => (item=['options', 'defaults']) 
skipping: [localhost]

TASK [/stigforge/roles/debian12_cis : Add nodev Option to /var/tmp: Make sure nodev option is part of the to /var/tmp options] ***
skipping: [localhost]

TASK [/stigforge/roles/debian12_cis : Add nodev Option to /var/tmp: Ensure /var/tmp is mounted with nodev option] ***
skipping: [localhost]

TASK [/stigforge/roles/debian12_cis : Add noexec Option to /var/tmp: Check information associated to mountpoint] ***
skipping: [localhost]

TASK [/stigforge/roles/debian12_cis : Add noexec Option to /var/tmp: Create mount_info dictionary variable] ***
skipping: [localhost]

TASK [/stigforge/roles/debian12_cis : Add noexec Option to /var/tmp: If /var/tmp not mounted, craft mount_info manually] ***
skipping: [localhost] => (item=['target', '/var/tmp']) 
skipping: [localhost] => (item=['source', '']) 
skipping: [localhost] => (item=['fstype', '']) 
skipping: [localhost] => (item=['options', 'defaults']) 
skipping: [localhost]

TASK [/stigforge/roles/debian12_cis : Add noexec Option to /var/tmp: Make sure noexec option is part of the to /var/tmp options] ***
skipping: [localhost]

TASK [/stigforge/roles/debian12_cis : Add noexec Option to /var/tmp: Ensure /var/tmp is mounted with noexec option] ***
skipping: [localhost]

TASK [/stigforge/roles/debian12_cis : Add nosuid Option to /var/tmp: Check information associated to mountpoint] ***
skipping: [localhost]

TASK [/stigforge/roles/debian12_cis : Add nosuid Option to /var/tmp: Create mount_info dictionary variable] ***
skipping: [localhost]

TASK [/stigforge/roles/debian12_cis : Add nosuid Option to /var/tmp: If /var/tmp not mounted, craft mount_info manually] ***
skipping: [localhost] => (item=['target', '/var/tmp']) 
skipping: [localhost] => (item=['source', '']) 
skipping: [localhost] => (item=['fstype', '']) 
skipping: [localhost] => (item=['options', 'defaults']) 
skipping: [localhost]

TASK [/stigforge/roles/debian12_cis : Add nosuid Option to /var/tmp: Make sure nosuid option is part of the to /var/tmp options] ***
skipping: [localhost]

TASK [/stigforge/roles/debian12_cis : Add nosuid Option to /var/tmp: Ensure /var/tmp is mounted with nosuid option] ***
skipping: [localhost]

TASK [/stigforge/roles/debian12_cis : Restrict usage of ptrace to descendant processes - Set fact for sysctl paths] ***
skipping: [localhost]

TASK [/stigforge/roles/debian12_cis : Restrict usage of ptrace to descendant processes - Find all files that contain kernel.yama.ptrace_scope] ***
skipping: [localhost]

TASK [/stigforge/roles/debian12_cis : Restrict usage of ptrace to descendant processes - Find all files that set kernel.yama.ptrace_scope to correct value] ***
skipping: [localhost]

TASK [/stigforge/roles/debian12_cis : Restrict usage of ptrace to descendant processes - Comment out any occurrences of kernel.yama.ptrace_scope from config files] ***
skipping: [localhost]

TASK [/stigforge/roles/debian12_cis : Restrict usage of ptrace to descendant processes - Ensure sysctl kernel.yama.ptrace_scope is set to 1] ***
skipping: [localhost]

TASK [/stigforge/roles/debian12_cis : Disable Core Dumps for All Users - Set dirs, files and regex variables] ***
skipping: [localhost]

TASK [/stigforge/roles/debian12_cis : Disable Core Dumps for All Users - Find valid drop-ins for core limit] ***
skipping: [localhost]

TASK [/stigforge/roles/debian12_cis : Disable Core Dumps for All Users - Find all drop-ins with any core limit] ***
skipping: [localhost]

TASK [/stigforge/roles/debian12_cis : Disable Core Dumps for All Users - Get invalid drop-ins] ***
skipping: [localhost]

TASK [/stigforge/roles/debian12_cis : Disable Core Dumps for All Users - Comment invalid * hard core lines in drop-ins] ***
skipping: [localhost]

TASK [/stigforge/roles/debian12_cis : Disable Core Dumps for All Users - Check if main limits.conf contains correct core limit] ***
skipping: [localhost]

TASK [/stigforge/roles/debian12_cis : Disable Core Dumps for All Users - Set fact if configuration is valid] ***
skipping: [localhost]

TASK [/stigforge/roles/debian12_cis : Disable Core Dumps for All Users - Ensure drop-in directory exists] ***
skipping: [localhost]

TASK [/stigforge/roles/debian12_cis : Disable Core Dumps for All Users - Deploy 10-ssg-hardening.conf drop-in with correct core limit] ***
skipping: [localhost]

TASK [/stigforge/roles/debian12_cis : Disable Core Dumps for SUID programs - Set fact for sysctl paths] ***
skipping: [localhost]

TASK [/stigforge/roles/debian12_cis : Disable Core Dumps for SUID programs - Find all files that contain fs.suid_dumpable] ***
skipping: [localhost]

TASK [/stigforge/roles/debian12_cis : Disable Core Dumps for SUID programs - Find all files that set fs.suid_dumpable to correct value] ***
skipping: [localhost]

TASK [/stigforge/roles/debian12_cis : Disable Core Dumps for SUID programs - Comment out any occurrences of fs.suid_dumpable from config files] ***
skipping: [localhost]

TASK [/stigforge/roles/debian12_cis : Disable Core Dumps for SUID programs - Ensure sysctl fs.suid_dumpable is set to 0] ***
skipping: [localhost]

TASK [/stigforge/roles/debian12_cis : Enable Randomized Layout of Virtual Address Space - Set fact for sysctl paths] ***
skipping: [localhost]

TASK [/stigforge/roles/debian12_cis : Enable Randomized Layout of Virtual Address Space - Find all files that contain kernel.randomize_va_space] ***
skipping: [localhost]

TASK [/stigforge/roles/debian12_cis : Enable Randomized Layout of Virtual Address Space - Find all files that set kernel.randomize_va_space to correct value] ***
skipping: [localhost]

TASK [/stigforge/roles/debian12_cis : Enable Randomized Layout of Virtual Address Space - Comment out any occurrences of kernel.randomize_va_space from config files] ***
skipping: [localhost]

TASK [/stigforge/roles/debian12_cis : Enable Randomized Layout of Virtual Address Space - Ensure sysctl kernel.randomize_va_space is set to 2] ***
skipping: [localhost]

TASK [/stigforge/roles/debian12_cis : Set the file_groupowner_cron_d_newgroup variable if represented by gid] ***
skipping: [localhost]

TASK [/stigforge/roles/debian12_cis : Ensure group owner on /etc/cron.d/] ******
skipping: [localhost]

TASK [/stigforge/roles/debian12_cis : Set the file_groupowner_cron_daily_newgroup variable if represented by gid] ***
skipping: [localhost]

TASK [/stigforge/roles/debian12_cis : Ensure group owner on /etc/cron.daily/] ***
skipping: [localhost]

TASK [/stigforge/roles/debian12_cis : Set the file_groupowner_cron_hourly_newgroup variable if represented by gid] ***
skipping: [localhost]

TASK [/stigforge/roles/debian12_cis : Ensure group owner on /etc/cron.hourly/] ***
skipping: [localhost]

TASK [/stigforge/roles/debian12_cis : Set the file_groupowner_cron_monthly_newgroup variable if represented by gid] ***
skipping: [localhost]

TASK [/stigforge/roles/debian12_cis : Ensure group owner on /etc/cron.monthly/] ***
skipping: [localhost]

TASK [/stigforge/roles/debian12_cis : Set the file_groupowner_cron_weekly_newgroup variable if represented by gid] ***
skipping: [localhost]

TASK [/stigforge/roles/debian12_cis : Ensure group owner on /etc/cron.weekly/] ***
skipping: [localhost]

TASK [/stigforge/roles/debian12_cis : Set the file_groupowner_crontab_newgroup variable if represented by gid] ***
skipping: [localhost]

TASK [/stigforge/roles/debian12_cis : Test for existence /etc/crontab] *********
skipping: [localhost]

TASK [/stigforge/roles/debian12_cis : Ensure group owner on /etc/crontab] ******
skipping: [localhost]

TASK [/stigforge/roles/debian12_cis : Set the file_owner_cron_d_newown variable if represented by uid] ***
skipping: [localhost]

TASK [/stigforge/roles/debian12_cis : Ensure owner on directory /etc/cron.d/] ***
skipping: [localhost]

TASK [/stigforge/roles/debian12_cis : Set the file_owner_cron_daily_newown variable if represented by uid] ***
skipping: [localhost]

TASK [/stigforge/roles/debian12_cis : Ensure owner on directory /etc/cron.daily/] ***
skipping: [localhost]

TASK [/stigforge/roles/debian12_cis : Set the file_owner_cron_hourly_newown variable if represented by uid] ***
skipping: [localhost]

TASK [/stigforge/roles/debian12_cis : Ensure owner on directory /etc/cron.hourly/] ***
skipping: [localhost]

TASK [/stigforge/roles/debian12_cis : Set the file_owner_cron_monthly_newown variable if represented by uid] ***
skipping: [localhost]

TASK [/stigforge/roles/debian12_cis : Ensure owner on directory /etc/cron.monthly/] ***
skipping: [localhost]

TASK [/stigforge/roles/debian12_cis : Set the file_owner_cron_weekly_newown variable if represented by uid] ***
skipping: [localhost]

TASK [/stigforge/roles/debian12_cis : Ensure owner on directory /etc/cron.weekly/] ***
skipping: [localhost]

TASK [/stigforge/roles/debian12_cis : Set the file_owner_crontab_newown variable if represented by uid] ***
skipping: [localhost]

TASK [/stigforge/roles/debian12_cis : Test for existence /etc/crontab] *********
skipping: [localhost]

TASK [/stigforge/roles/debian12_cis : Ensure owner on /etc/crontab] ************
skipping: [localhost]

TASK [/stigforge/roles/debian12_cis : Find /etc/cron.d/ file(s)] ***************
skipping: [localhost]

TASK [/stigforge/roles/debian12_cis : Set permissions for /etc/cron.d/ file(s)] ***
skipping: [localhost]

TASK [/stigforge/roles/debian12_cis : Find /etc/cron.daily/ file(s)] ***********
skipping: [localhost]

TASK [/stigforge/roles/debian12_cis : Set permissions for /etc/cron.daily/ file(s)] ***
skipping: [localhost]

TASK [/stigforge/roles/debian12_cis : Find /etc/cron.hourly/ file(s)] **********
skipping: [localhost]

TASK [/stigforge/roles/debian12_cis : Set permissions for /etc/cron.hourly/ file(s)] ***
skipping: [localhost]

TASK [/stigforge/roles/debian12_cis : Find /etc/cron.monthly/ file(s)] *********
skipping: [localhost]

TASK [/stigforge/roles/debian12_cis : Set permissions for /etc/cron.monthly/ file(s)] ***
skipping: [localhost]

TASK [/stigforge/roles/debian12_cis : Find /etc/cron.weekly/ file(s)] **********
skipping: [localhost]

TASK [/stigforge/roles/debian12_cis : Set permissions for /etc/cron.weekly/ file(s)] ***
skipping: [localhost]

TASK [/stigforge/roles/debian12_cis : Test for existence /etc/crontab] *********
skipping: [localhost]

TASK [/stigforge/roles/debian12_cis : Ensure permission u-xs,g-xwrs,o-xwrt on /etc/crontab] ***
skipping: [localhost]

TASK [/stigforge/roles/debian12_cis : Ensure that /etc/at.allow exists - Add empty /etc/at.allow] ***
skipping: [localhost]

TASK [/stigforge/roles/debian12_cis : Ensure that /etc/cron.allow exists - Add empty /etc/cron.allow] ***
skipping: [localhost]

TASK [/stigforge/roles/debian12_cis : Ensure that /etc/cron.deny does not exist - Remove /etc/cron.deny] ***
skipping: [localhost]

TASK [/stigforge/roles/debian12_cis : Set the file_groupowner_at_allow_newgroup variable if represented by gid] ***
skipping: [localhost]

TASK [/stigforge/roles/debian12_cis : Test for existence /etc/at.allow] ********
skipping: [localhost]

TASK [/stigforge/roles/debian12_cis : Ensure group owner on /etc/at.allow] *****
skipping: [localhost]

TASK [/stigforge/roles/debian12_cis : Set the file_groupowner_at_deny_newgroup variable if represented by gid] ***
skipping: [localhost]

TASK [/stigforge/roles/debian12_cis : Test for existence /etc/at.deny] *********
skipping: [localhost]

TASK [/stigforge/roles/debian12_cis : Ensure group owner on /etc/at.deny] ******
skipping: [localhost]

TASK [/stigforge/roles/debian12_cis : Set the file_groupowner_cron_allow_newgroup variable if represented by gid] ***
skipping: [localhost]

TASK [/stigforge/roles/debian12_cis : Test for existence /etc/cron.allow] ******
skipping: [localhost]

TASK [/stigforge/roles/debian12_cis : Ensure group owner on /etc/cron.allow] ***
skipping: [localhost]

TASK [/stigforge/roles/debian12_cis : Set the file_owner_at_allow_newown variable if represented by uid] ***
skipping: [localhost]

TASK [/stigforge/roles/debian12_cis : Test for existence /etc/at.allow] ********
skipping: [localhost]

TASK [/stigforge/roles/debian12_cis : Ensure owner on /etc/at.allow] ***********
skipping: [localhost]

TASK [/stigforge/roles/debian12_cis : Set the file_owner_at_deny_newown variable if represented by uid] ***
skipping: [localhost]

TASK [/stigforge/roles/debian12_cis : Test for existence /etc/at.deny] *********
skipping: [localhost]

TASK [/stigforge/roles/debian12_cis : Ensure owner on /etc/at.deny] ************
skipping: [localhost]

TASK [/stigforge/roles/debian12_cis : Set the file_owner_cron_allow_newown variable if represented by uid] ***
skipping: [localhost]

TASK [/stigforge/roles/debian12_cis : Test for existence /etc/cron.allow] ******
skipping: [localhost]

TASK [/stigforge/roles/debian12_cis : Ensure owner on /etc/cron.allow] *********
skipping: [localhost]

TASK [/stigforge/roles/debian12_cis : Test for existence /etc/at.allow] ********
skipping: [localhost]

TASK [/stigforge/roles/debian12_cis : Ensure permission u-xs,g-xws,o-xwrt on /etc/at.allow] ***
skipping: [localhost]

TASK [/stigforge/roles/debian12_cis : Test for existence /etc/at.deny] *********
skipping: [localhost]

TASK [/stigforge/roles/debian12_cis : Ensure permission u-xs,g-xws,o-xwrt on /etc/at.deny] ***
skipping: [localhost]

TASK [/stigforge/roles/debian12_cis : Test for existence /etc/cron.allow] ******
skipping: [localhost]

TASK [/stigforge/roles/debian12_cis : Ensure permission u-xs,g-xws,o-xwrt on /etc/cron.allow] ***
skipping: [localhost]

TASK [/stigforge/roles/debian12_cis : The Chronyd service is disabled - Collect systemd Services Present in the System] ***
skipping: [localhost]

TASK [/stigforge/roles/debian12_cis : The Chronyd service is disabled - Ensure "chrony.service" is Masked] ***
skipping: [localhost]

TASK [/stigforge/roles/debian12_cis : Unit Socket Exists - chrony.socket] ******
skipping: [localhost]

TASK [/stigforge/roles/debian12_cis : Disable socket chrony] *******************
skipping: [localhost]

TASK [/stigforge/roles/debian12_cis : Disable systemd_timesyncd Service - Collect systemd Services Present in the System] ***
skipping: [localhost]

TASK [/stigforge/roles/debian12_cis : Disable systemd_timesyncd Service - Ensure "systemd-timesyncd.service" is Masked] ***
skipping: [localhost]

TASK [/stigforge/roles/debian12_cis : Unit Socket Exists - systemd-timesyncd.socket] ***
skipping: [localhost]

TASK [/stigforge/roles/debian12_cis : Disable socket systemd-timesyncd] ********
skipping: [localhost]

TASK [/stigforge/roles/debian12_cis : Chrony Configure Pool and Server - Add missing / update wrong records for remote time servers] ***
skipping: [localhost] => (item=0.debian.pool.ntp.org) 
skipping: [localhost] => (item=1.debian.pool.ntp.org) 
skipping: [localhost] => (item=2.debian.pool.ntp.org) 
skipping: [localhost] => (item=3.debian.pool.ntp.org) 
skipping: [localhost]

TASK [/stigforge/roles/debian12_cis : Chrony Configure Pool and Server - Add missing / update wrong records for remote time pools] ***
skipping: [localhost] => (item=0.debian.pool.ntp.org) 
skipping: [localhost] => (item=1.debian.pool.ntp.org) 
skipping: [localhost] => (item=2.debian.pool.ntp.org) 
skipping: [localhost] => (item=3.debian.pool.ntp.org) 
skipping: [localhost]

TASK [/stigforge/roles/debian12_cis : Configure Systemd Timesyncd Servers - Set Primary NTP Servers] ***
skipping: [localhost]

TASK [/stigforge/roles/debian12_cis : Configure Systemd Timesyncd Servers - Set Fallback NTP Servers] ***
skipping: [localhost]

TASK [/stigforge/roles/debian12_cis : Set 'NTP' to '{{ preferred_ntp_servers }}' in the [Time] section of '/etc/systemd/timesyncd.conf.d/oscap-remedy.conf'] ***
skipping: [localhost]

TASK [/stigforge/roles/debian12_cis : Set 'FallbackNTP' to '{{ fallback_ntp_servers }}' in the [Time] section of '/etc/systemd/timesyncd.conf.d/oscap-remedy.conf'] ***
skipping: [localhost]

TASK [/stigforge/roles/debian12_cis : Set the file_groupowner_sshd_config_newgroup variable if represented by gid] ***
skipping: [localhost]

TASK [/stigforge/roles/debian12_cis : Test for existence /etc/ssh/sshd_config] ***
skipping: [localhost]

TASK [/stigforge/roles/debian12_cis : Ensure group owner on /etc/ssh/sshd_config] ***
skipping: [localhost]

TASK [/stigforge/roles/debian12_cis : Set the file_owner_sshd_config_newown variable if represented by uid] ***
skipping: [localhost]

TASK [/stigforge/roles/debian12_cis : Test for existence /etc/ssh/sshd_config] ***
skipping: [localhost]

TASK [/stigforge/roles/debian12_cis : Ensure owner on /etc/ssh/sshd_config] ****
skipping: [localhost]

TASK [/stigforge/roles/debian12_cis : Test for existence /etc/ssh/sshd_config] ***
skipping: [localhost]

TASK [/stigforge/roles/debian12_cis : Ensure permission u-xs,g-xwrs,o-xwrt on /etc/ssh/sshd_config] ***
skipping: [localhost]

TASK [/stigforge/roles/debian12_cis : Find root:root-owned keys] ***************
skipping: [localhost]

TASK [/stigforge/roles/debian12_cis : Set permissions for root:root-owned keys] ***
skipping: [localhost]

TASK [/stigforge/roles/debian12_cis : Find /etc/ssh/ file(s)] ******************
skipping: [localhost]

TASK [/stigforge/roles/debian12_cis : Set permissions for /etc/ssh/ file(s)] ***
skipping: [localhost]

TASK [/stigforge/roles/debian12_cis : Check for duplicate values] **************
skipping: [localhost]

TASK [/stigforge/roles/debian12_cis : Deduplicate values from /etc/ssh/sshd_config] ***
skipping: [localhost]

TASK [/stigforge/roles/debian12_cis : Insert correct line to /etc/ssh/sshd_config] ***
skipping: [localhost]

TASK [/stigforge/roles/debian12_cis : Check for duplicate values] **************
skipping: [localhost]

TASK [/stigforge/roles/debian12_cis : Deduplicate values from /etc/ssh/sshd_config] ***
skipping: [localhost]

TASK [/stigforge/roles/debian12_cis : Insert correct line to /etc/ssh/sshd_config] ***
skipping: [localhost]

TASK [/stigforge/roles/debian12_cis : Check for duplicate values] **************
skipping: [localhost]

TASK [/stigforge/roles/debian12_cis : Deduplicate values from /etc/ssh/sshd_config] ***
skipping: [localhost]

TASK [/stigforge/roles/debian12_cis : Insert correct line to /etc/ssh/sshd_config] ***
skipping: [localhost]

TASK [/stigforge/roles/debian12_cis : Check for duplicate values] **************
skipping: [localhost]

TASK [/stigforge/roles/debian12_cis : Deduplicate values from /etc/ssh/sshd_config] ***
skipping: [localhost]

TASK [/stigforge/roles/debian12_cis : Insert correct line to /etc/ssh/sshd_config] ***
skipping: [localhost]

TASK [/stigforge/roles/debian12_cis : Check for duplicate values] **************
skipping: [localhost]

TASK [/stigforge/roles/debian12_cis : Deduplicate values from /etc/ssh/sshd_config] ***
skipping: [localhost]

TASK [/stigforge/roles/debian12_cis : Insert correct line to /etc/ssh/sshd_config] ***
skipping: [localhost]

TASK [/stigforge/roles/debian12_cis : Check for duplicate values] **************
skipping: [localhost]

TASK [/stigforge/roles/debian12_cis : Deduplicate values from /etc/ssh/sshd_config] ***
skipping: [localhost]

TASK [/stigforge/roles/debian12_cis : Insert correct line to /etc/ssh/sshd_config] ***
skipping: [localhost]

TASK [/stigforge/roles/debian12_cis : Check for duplicate values] **************
skipping: [localhost]

TASK [/stigforge/roles/debian12_cis : Deduplicate values from /etc/ssh/sshd_config] ***
skipping: [localhost]

TASK [/stigforge/roles/debian12_cis : Insert correct line to /etc/ssh/sshd_config] ***
skipping: [localhost]

TASK [/stigforge/roles/debian12_cis : Check for duplicate values] **************
skipping: [localhost]

TASK [/stigforge/roles/debian12_cis : Deduplicate values from /etc/ssh/sshd_config] ***
skipping: [localhost]

TASK [/stigforge/roles/debian12_cis : Insert correct line to /etc/ssh/sshd_config] ***
skipping: [localhost]

TASK [/stigforge/roles/debian12_cis : Check for duplicate values] **************
skipping: [localhost]

TASK [/stigforge/roles/debian12_cis : Deduplicate values from /etc/ssh/sshd_config] ***
skipping: [localhost]

TASK [/stigforge/roles/debian12_cis : Insert correct line to /etc/ssh/sshd_config] ***
skipping: [localhost]

TASK [/stigforge/roles/debian12_cis : Check for duplicate values] **************
skipping: [localhost]

TASK [/stigforge/roles/debian12_cis : Deduplicate values from /etc/ssh/sshd_config] ***
skipping: [localhost]

TASK [/stigforge/roles/debian12_cis : Insert correct line to /etc/ssh/sshd_config] ***
skipping: [localhost]

TASK [/stigforge/roles/debian12_cis : Check for duplicate values] **************
skipping: [localhost]

TASK [/stigforge/roles/debian12_cis : Deduplicate values from /etc/ssh/sshd_config] ***
skipping: [localhost]

TASK [/stigforge/roles/debian12_cis : Insert correct line to /etc/ssh/sshd_config] ***
skipping: [localhost]

TASK [/stigforge/roles/debian12_cis : Check for duplicate values] **************
skipping: [localhost]

TASK [/stigforge/roles/debian12_cis : Deduplicate values from /etc/ssh/sshd_config] ***
skipping: [localhost]

TASK [/stigforge/roles/debian12_cis : Insert correct line to /etc/ssh/sshd_config] ***
skipping: [localhost]

TASK [/stigforge/roles/debian12_cis : Check for duplicate values] **************
skipping: [localhost]

TASK [/stigforge/roles/debian12_cis : Deduplicate values from /etc/ssh/sshd_config] ***
skipping: [localhost]

TASK [/stigforge/roles/debian12_cis : Insert correct line to /etc/ssh/sshd_config] ***
skipping: [localhost]

TASK [/stigforge/roles/debian12_cis : Check for duplicate values] **************
skipping: [localhost]

TASK [/stigforge/roles/debian12_cis : Deduplicate values from /etc/ssh/sshd_config] ***
skipping: [localhost]

TASK [/stigforge/roles/debian12_cis : Insert correct line to /etc/ssh/sshd_config] ***
skipping: [localhost]

TASK [/stigforge/roles/debian12_cis : Check for duplicate values] **************
skipping: [localhost]

TASK [/stigforge/roles/debian12_cis : Deduplicate values from /etc/ssh/sshd_config] ***
skipping: [localhost]

TASK [/stigforge/roles/debian12_cis : Insert correct line to /etc/ssh/sshd_config] ***
skipping: [localhost]

TASK [/stigforge/roles/debian12_cis : Check for duplicate values] **************
skipping: [localhost]

TASK [/stigforge/roles/debian12_cis : Deduplicate values from /etc/ssh/sshd_config] ***
skipping: [localhost]

TASK [/stigforge/roles/debian12_cis : Insert correct line to /etc/ssh/sshd_config] ***
skipping: [localhost]

TASK [/stigforge/roles/debian12_cis : StigForge supplement - set PASS_MAX_DAYS in /etc/login.defs (accounts_maximum_age_login_defs)] ***
changed: [localhost]

TASK [/stigforge/roles/debian12_cis : StigForge supplement - set INACTIVE in /etc/default/useradd (account_disable_post_pw_expiration)] ***
changed: [localhost]

TASK [/stigforge/roles/debian12_cis : StigForge supplement - ensure PAM packages (CIS prerequisites)] ***
ok: [localhost]

TASK [/stigforge/roles/debian12_cis : StigForge supplement - set ENCRYPT_METHOD SHA512 in login.defs (set_password_hashing_algorithm_logindefs)] ***
ok: [localhost]

TASK [/stigforge/roles/debian12_cis : StigForge supplement - ensure /etc/security/faillock.conf exists] ***
changed: [localhost]

TASK [/stigforge/roles/debian12_cis : StigForge supplement - set faillock deny (accounts_passwords_pam_faillock_deny)] ***
changed: [localhost]

TASK [/stigforge/roles/debian12_cis : StigForge supplement - set faillock unlock_time (accounts_passwords_pam_faillock_unlock_time)] ***
changed: [localhost]

TASK [/stigforge/roles/debian12_cis : StigForge supplement - enable pam_faillock on common-auth (accounts_passwords_pam_faillock_enabled)] ***
changed: [localhost]

TASK [/stigforge/roles/debian12_cis : StigForge supplement - enable pam_faillock preauth on common-auth (accounts_passwords_pam_faillock_enabled)] ***
changed: [localhost]

TASK [/stigforge/roles/debian12_cis : StigForge supplement - enable pam_pwhistory on common-password (accounts_password_pam_pwhistory_enabled)] ***
changed: [localhost]

TASK [/stigforge/roles/debian12_cis : StigForge supplement - ensure wheel group exists (use_pam_wheel_group_for_su)] ***
changed: [localhost]

TASK [/stigforge/roles/debian12_cis : StigForge supplement - require wheel for su (use_pam_wheel_group_for_su)] ***
changed: [localhost]

TASK [/stigforge/roles/debian12_cis : StigForge supplement - find ungrouped files on local mounts] ***
fatal: [localhost]: FAILED! => {"changed": false, "cmd": "set -euo pipefail\nfor mp in $(findmnt -n -l -k -it \"$(awk '/nodev/ { print $2 }' /proc/filesystems | paste -sd,)\" -o TARGET 2>/dev/null || true); do\n  find \"$mp\" -xdev -nogroup 2>/dev/null || true\ndone\n", "delta": "0:00:00.002259", "end": "2026-09-12 14:06:44.766191", "msg": "non-zero return code", "rc": 2, "start": "2026-09-12 14:06:44.763932", "stderr": "/bin/sh: 1: set: Illegal option -o pipefail", "stderr_lines": ["/bin/sh: 1: set: Illegal option -o pipefail"], "stdout": "", "stdout_lines": []}

TASK [/stigforge/roles/debian12_cis : StigForge: continue after error in 'StigForge supplement - find ungrouped files on local mounts' (OpenSCAP is the score gate)] ***
ok: [localhost] => {
    "msg": "StigForge: 'StigForge supplement - find ungrouped files on local mounts' raised an error (module or templating) and was skipped; continuing so later rules still run. OpenSCAP evaluates the resulting system state independently."
}

TASK [/stigforge/roles/debian12_cis : StigForge supplement - assign root group to ungrouped files] ***
skipping: [localhost]

PLAY RECAP *********************************************************************
localhost                  : ok=269  changed=14   unreachable=0    failed=0    skipped=745  rescued=1    ignored=11  

